"model","reference_date","horizon","target_end_date","target_group","output_type","output_type_id","value"
"Regular Baseline","2026-05-16",-2,"2026-05-02","Adults","quantile","0.01",66
"Regular Baseline","2026-05-16",-2,"2026-05-02","Adults","quantile","0.025",73
"Regular Baseline","2026-05-16",-2,"2026-05-02","Adults","quantile","0.05",78
"Regular Baseline","2026-05-16",-2,"2026-05-02","Adults","quantile","0.1",85
"Regular Baseline","2026-05-16",-2,"2026-05-02","Adults","quantile","0.15",90
"Regular Baseline","2026-05-16",-2,"2026-05-02","Adults","quantile","0.2",93
"Regular Baseline","2026-05-16",-2,"2026-05-02","Adults","quantile","0.25",95
"Regular Baseline","2026-05-16",-2,"2026-05-02","Adults","quantile","0.3",97
"Regular Baseline","2026-05-16",-2,"2026-05-02","Adults","quantile","0.35",99
"Regular Baseline","2026-05-16",-2,"2026-05-02","Adults","quantile","0.4",101
"Regular Baseline","2026-05-16",-2,"2026-05-02","Adults","quantile","0.45",103
"Regular Baseline","2026-05-16",-2,"2026-05-02","Adults","quantile","0.5",105
"Regular Baseline","2026-05-16",-2,"2026-05-02","Adults","quantile","0.55",107
"Regular Baseline","2026-05-16",-2,"2026-05-02","Adults","quantile","0.6",109
"Regular Baseline","2026-05-16",-2,"2026-05-02","Adults","quantile","0.65",111
"Regular Baseline","2026-05-16",-2,"2026-05-02","Adults","quantile","0.7",114
"Regular Baseline","2026-05-16",-2,"2026-05-02","Adults","quantile","0.75",115
"Regular Baseline","2026-05-16",-2,"2026-05-02","Adults","quantile","0.8",118
"Regular Baseline","2026-05-16",-2,"2026-05-02","Adults","quantile","0.85",121
"Regular Baseline","2026-05-16",-2,"2026-05-02","Adults","quantile","0.9",127
"Regular Baseline","2026-05-16",-2,"2026-05-02","Adults","quantile","0.95",136
"Regular Baseline","2026-05-16",-2,"2026-05-02","Adults","quantile","0.975",143
"Regular Baseline","2026-05-16",-2,"2026-05-02","Adults","quantile","0.99",152
"Regular Baseline","2026-05-16",-1,"2026-05-09","Adults","quantile","0.01",56
"Regular Baseline","2026-05-16",-1,"2026-05-09","Adults","quantile","0.025",63
"Regular Baseline","2026-05-16",-1,"2026-05-09","Adults","quantile","0.05",69
"Regular Baseline","2026-05-16",-1,"2026-05-09","Adults","quantile","0.1",78
"Regular Baseline","2026-05-16",-1,"2026-05-09","Adults","quantile","0.15",83
"Regular Baseline","2026-05-16",-1,"2026-05-09","Adults","quantile","0.2",87
"Regular Baseline","2026-05-16",-1,"2026-05-09","Adults","quantile","0.25",90
"Regular Baseline","2026-05-16",-1,"2026-05-09","Adults","quantile","0.3",94
"Regular Baseline","2026-05-16",-1,"2026-05-09","Adults","quantile","0.35",97
"Regular Baseline","2026-05-16",-1,"2026-05-09","Adults","quantile","0.4",99
"Regular Baseline","2026-05-16",-1,"2026-05-09","Adults","quantile","0.45",102
"Regular Baseline","2026-05-16",-1,"2026-05-09","Adults","quantile","0.5",105
"Regular Baseline","2026-05-16",-1,"2026-05-09","Adults","quantile","0.55",108
"Regular Baseline","2026-05-16",-1,"2026-05-09","Adults","quantile","0.6",111
"Regular Baseline","2026-05-16",-1,"2026-05-09","Adults","quantile","0.65",114
"Regular Baseline","2026-05-16",-1,"2026-05-09","Adults","quantile","0.7",117
"Regular Baseline","2026-05-16",-1,"2026-05-09","Adults","quantile","0.75",121
"Regular Baseline","2026-05-16",-1,"2026-05-09","Adults","quantile","0.8",125
"Regular Baseline","2026-05-16",-1,"2026-05-09","Adults","quantile","0.85",131
"Regular Baseline","2026-05-16",-1,"2026-05-09","Adults","quantile","0.9",137
"Regular Baseline","2026-05-16",-1,"2026-05-09","Adults","quantile","0.95",148
"Regular Baseline","2026-05-16",-1,"2026-05-09","Adults","quantile","0.975",160
"Regular Baseline","2026-05-16",-1,"2026-05-09","Adults","quantile","0.99",173
"Regular Baseline","2026-05-16",0,"2026-05-16","Adults","quantile","0.01",47
"Regular Baseline","2026-05-16",0,"2026-05-16","Adults","quantile","0.025",54
"Regular Baseline","2026-05-16",0,"2026-05-16","Adults","quantile","0.05",62
"Regular Baseline","2026-05-16",0,"2026-05-16","Adults","quantile","0.1",71
"Regular Baseline","2026-05-16",0,"2026-05-16","Adults","quantile","0.15",77
"Regular Baseline","2026-05-16",0,"2026-05-16","Adults","quantile","0.2",82
"Regular Baseline","2026-05-16",0,"2026-05-16","Adults","quantile","0.25",87
"Regular Baseline","2026-05-16",0,"2026-05-16","Adults","quantile","0.3",91
"Regular Baseline","2026-05-16",0,"2026-05-16","Adults","quantile","0.35",94
"Regular Baseline","2026-05-16",0,"2026-05-16","Adults","quantile","0.4",98
"Regular Baseline","2026-05-16",0,"2026-05-16","Adults","quantile","0.45",102
"Regular Baseline","2026-05-16",0,"2026-05-16","Adults","quantile","0.5",105
"Regular Baseline","2026-05-16",0,"2026-05-16","Adults","quantile","0.55",109
"Regular Baseline","2026-05-16",0,"2026-05-16","Adults","quantile","0.6",112
"Regular Baseline","2026-05-16",0,"2026-05-16","Adults","quantile","0.65",116
"Regular Baseline","2026-05-16",0,"2026-05-16","Adults","quantile","0.7",120
"Regular Baseline","2026-05-16",0,"2026-05-16","Adults","quantile","0.75",125
"Regular Baseline","2026-05-16",0,"2026-05-16","Adults","quantile","0.8",130
"Regular Baseline","2026-05-16",0,"2026-05-16","Adults","quantile","0.85",137
"Regular Baseline","2026-05-16",0,"2026-05-16","Adults","quantile","0.9",145
"Regular Baseline","2026-05-16",0,"2026-05-16","Adults","quantile","0.95",158
"Regular Baseline","2026-05-16",0,"2026-05-16","Adults","quantile","0.975",171
"Regular Baseline","2026-05-16",0,"2026-05-16","Adults","quantile","0.99",186
"Regular Baseline","2026-05-16",1,"2026-05-23","Adults","quantile","0.01",41
"Regular Baseline","2026-05-16",1,"2026-05-23","Adults","quantile","0.025",49
"Regular Baseline","2026-05-16",1,"2026-05-23","Adults","quantile","0.05",57
"Regular Baseline","2026-05-16",1,"2026-05-23","Adults","quantile","0.1",66
"Regular Baseline","2026-05-16",1,"2026-05-23","Adults","quantile","0.15",73
"Regular Baseline","2026-05-16",1,"2026-05-23","Adults","quantile","0.2",79
"Regular Baseline","2026-05-16",1,"2026-05-23","Adults","quantile","0.25",84
"Regular Baseline","2026-05-16",1,"2026-05-23","Adults","quantile","0.3",89
"Regular Baseline","2026-05-16",1,"2026-05-23","Adults","quantile","0.35",93
"Regular Baseline","2026-05-16",1,"2026-05-23","Adults","quantile","0.4",97
"Regular Baseline","2026-05-16",1,"2026-05-23","Adults","quantile","0.45",101
"Regular Baseline","2026-05-16",1,"2026-05-23","Adults","quantile","0.5",105
"Regular Baseline","2026-05-16",1,"2026-05-23","Adults","quantile","0.55",109
"Regular Baseline","2026-05-16",1,"2026-05-23","Adults","quantile","0.6",113
"Regular Baseline","2026-05-16",1,"2026-05-23","Adults","quantile","0.65",118
"Regular Baseline","2026-05-16",1,"2026-05-23","Adults","quantile","0.7",123
"Regular Baseline","2026-05-16",1,"2026-05-23","Adults","quantile","0.75",128
"Regular Baseline","2026-05-16",1,"2026-05-23","Adults","quantile","0.8",135
"Regular Baseline","2026-05-16",1,"2026-05-23","Adults","quantile","0.85",142
"Regular Baseline","2026-05-16",1,"2026-05-23","Adults","quantile","0.9",152
"Regular Baseline","2026-05-16",1,"2026-05-23","Adults","quantile","0.95",168
"Regular Baseline","2026-05-16",1,"2026-05-23","Adults","quantile","0.975",182
"Regular Baseline","2026-05-16",1,"2026-05-23","Adults","quantile","0.99",202
"Regular Baseline","2026-05-16",2,"2026-05-30","Adults","quantile","0.01",34
"Regular Baseline","2026-05-16",2,"2026-05-30","Adults","quantile","0.025",43
"Regular Baseline","2026-05-16",2,"2026-05-30","Adults","quantile","0.05",51
"Regular Baseline","2026-05-16",2,"2026-05-30","Adults","quantile","0.1",62
"Regular Baseline","2026-05-16",2,"2026-05-30","Adults","quantile","0.15",69
"Regular Baseline","2026-05-16",2,"2026-05-30","Adults","quantile","0.2",76
"Regular Baseline","2026-05-16",2,"2026-05-30","Adults","quantile","0.25",81
"Regular Baseline","2026-05-16",2,"2026-05-30","Adults","quantile","0.3",86
"Regular Baseline","2026-05-16",2,"2026-05-30","Adults","quantile","0.35",91
"Regular Baseline","2026-05-16",2,"2026-05-30","Adults","quantile","0.4",96
"Regular Baseline","2026-05-16",2,"2026-05-30","Adults","quantile","0.45",100
"Regular Baseline","2026-05-16",2,"2026-05-30","Adults","quantile","0.5",105
"Regular Baseline","2026-05-16",2,"2026-05-30","Adults","quantile","0.55",109
"Regular Baseline","2026-05-16",2,"2026-05-30","Adults","quantile","0.6",114
"Regular Baseline","2026-05-16",2,"2026-05-30","Adults","quantile","0.65",120
"Regular Baseline","2026-05-16",2,"2026-05-30","Adults","quantile","0.7",126
"Regular Baseline","2026-05-16",2,"2026-05-30","Adults","quantile","0.75",132
"Regular Baseline","2026-05-16",2,"2026-05-30","Adults","quantile","0.8",139
"Regular Baseline","2026-05-16",2,"2026-05-30","Adults","quantile","0.85",148
"Regular Baseline","2026-05-16",2,"2026-05-30","Adults","quantile","0.9",159
"Regular Baseline","2026-05-16",2,"2026-05-30","Adults","quantile","0.95",177
"Regular Baseline","2026-05-16",2,"2026-05-30","Adults","quantile","0.975",191
"Regular Baseline","2026-05-16",2,"2026-05-30","Adults","quantile","0.99",213
"Regular Baseline","2026-05-16",3,"2026-06-06","Adults","quantile","0.01",30
"Regular Baseline","2026-05-16",3,"2026-06-06","Adults","quantile","0.025",38
"Regular Baseline","2026-05-16",3,"2026-06-06","Adults","quantile","0.05",47
"Regular Baseline","2026-05-16",3,"2026-06-06","Adults","quantile","0.1",59
"Regular Baseline","2026-05-16",3,"2026-06-06","Adults","quantile","0.15",66
"Regular Baseline","2026-05-16",3,"2026-06-06","Adults","quantile","0.2",73
"Regular Baseline","2026-05-16",3,"2026-06-06","Adults","quantile","0.25",79
"Regular Baseline","2026-05-16",3,"2026-06-06","Adults","quantile","0.3",84
"Regular Baseline","2026-05-16",3,"2026-06-06","Adults","quantile","0.35",90
"Regular Baseline","2026-05-16",3,"2026-06-06","Adults","quantile","0.4",95
"Regular Baseline","2026-05-16",3,"2026-06-06","Adults","quantile","0.45",100
"Regular Baseline","2026-05-16",3,"2026-06-06","Adults","quantile","0.5",105
"Regular Baseline","2026-05-16",3,"2026-06-06","Adults","quantile","0.55",110
"Regular Baseline","2026-05-16",3,"2026-06-06","Adults","quantile","0.6",115
"Regular Baseline","2026-05-16",3,"2026-06-06","Adults","quantile","0.65",122
"Regular Baseline","2026-05-16",3,"2026-06-06","Adults","quantile","0.7",128
"Regular Baseline","2026-05-16",3,"2026-06-06","Adults","quantile","0.75",135
"Regular Baseline","2026-05-16",3,"2026-06-06","Adults","quantile","0.8",142
"Regular Baseline","2026-05-16",3,"2026-06-06","Adults","quantile","0.85",151
"Regular Baseline","2026-05-16",3,"2026-06-06","Adults","quantile","0.9",163
"Regular Baseline","2026-05-16",3,"2026-06-06","Adults","quantile","0.95",184
"Regular Baseline","2026-05-16",3,"2026-06-06","Adults","quantile","0.975",202
"Regular Baseline","2026-05-16",3,"2026-06-06","Adults","quantile","0.99",222
"Regular Baseline","2026-05-16",-2,"2026-05-02","Overall","quantile","0.01",121
"Regular Baseline","2026-05-16",-2,"2026-05-02","Overall","quantile","0.025",133
"Regular Baseline","2026-05-16",-2,"2026-05-02","Overall","quantile","0.05",145
"Regular Baseline","2026-05-16",-2,"2026-05-02","Overall","quantile","0.1",155
"Regular Baseline","2026-05-16",-2,"2026-05-02","Overall","quantile","0.15",162
"Regular Baseline","2026-05-16",-2,"2026-05-02","Overall","quantile","0.2",167
"Regular Baseline","2026-05-16",-2,"2026-05-02","Overall","quantile","0.25",172
"Regular Baseline","2026-05-16",-2,"2026-05-02","Overall","quantile","0.3",175
"Regular Baseline","2026-05-16",-2,"2026-05-02","Overall","quantile","0.35",179
"Regular Baseline","2026-05-16",-2,"2026-05-02","Overall","quantile","0.4",183
"Regular Baseline","2026-05-16",-2,"2026-05-02","Overall","quantile","0.45",186
"Regular Baseline","2026-05-16",-2,"2026-05-02","Overall","quantile","0.5",190
"Regular Baseline","2026-05-16",-2,"2026-05-02","Overall","quantile","0.55",194
"Regular Baseline","2026-05-16",-2,"2026-05-02","Overall","quantile","0.6",197
"Regular Baseline","2026-05-16",-2,"2026-05-02","Overall","quantile","0.65",202
"Regular Baseline","2026-05-16",-2,"2026-05-02","Overall","quantile","0.7",206
"Regular Baseline","2026-05-16",-2,"2026-05-02","Overall","quantile","0.75",209
"Regular Baseline","2026-05-16",-2,"2026-05-02","Overall","quantile","0.8",215
"Regular Baseline","2026-05-16",-2,"2026-05-02","Overall","quantile","0.85",221
"Regular Baseline","2026-05-16",-2,"2026-05-02","Overall","quantile","0.9",228
"Regular Baseline","2026-05-16",-2,"2026-05-02","Overall","quantile","0.95",242
"Regular Baseline","2026-05-16",-2,"2026-05-02","Overall","quantile","0.975",257
"Regular Baseline","2026-05-16",-2,"2026-05-02","Overall","quantile","0.99",275
"Regular Baseline","2026-05-16",-1,"2026-05-09","Overall","quantile","0.01",103
"Regular Baseline","2026-05-16",-1,"2026-05-09","Overall","quantile","0.025",116
"Regular Baseline","2026-05-16",-1,"2026-05-09","Overall","quantile","0.05",128
"Regular Baseline","2026-05-16",-1,"2026-05-09","Overall","quantile","0.1",141
"Regular Baseline","2026-05-16",-1,"2026-05-09","Overall","quantile","0.15",150
"Regular Baseline","2026-05-16",-1,"2026-05-09","Overall","quantile","0.2",157
"Regular Baseline","2026-05-16",-1,"2026-05-09","Overall","quantile","0.25",164
"Regular Baseline","2026-05-16",-1,"2026-05-09","Overall","quantile","0.3",169
"Regular Baseline","2026-05-16",-1,"2026-05-09","Overall","quantile","0.35",175
"Regular Baseline","2026-05-16",-1,"2026-05-09","Overall","quantile","0.4",180
"Regular Baseline","2026-05-16",-1,"2026-05-09","Overall","quantile","0.45",185
"Regular Baseline","2026-05-16",-1,"2026-05-09","Overall","quantile","0.5",190
"Regular Baseline","2026-05-16",-1,"2026-05-09","Overall","quantile","0.55",195
"Regular Baseline","2026-05-16",-1,"2026-05-09","Overall","quantile","0.6",200
"Regular Baseline","2026-05-16",-1,"2026-05-09","Overall","quantile","0.65",206
"Regular Baseline","2026-05-16",-1,"2026-05-09","Overall","quantile","0.7",212
"Regular Baseline","2026-05-16",-1,"2026-05-09","Overall","quantile","0.75",219
"Regular Baseline","2026-05-16",-1,"2026-05-09","Overall","quantile","0.8",226
"Regular Baseline","2026-05-16",-1,"2026-05-09","Overall","quantile","0.85",235
"Regular Baseline","2026-05-16",-1,"2026-05-09","Overall","quantile","0.9",248
"Regular Baseline","2026-05-16",-1,"2026-05-09","Overall","quantile","0.95",266
"Regular Baseline","2026-05-16",-1,"2026-05-09","Overall","quantile","0.975",283
"Regular Baseline","2026-05-16",-1,"2026-05-09","Overall","quantile","0.99",304
"Regular Baseline","2026-05-16",0,"2026-05-16","Overall","quantile","0.01",88
"Regular Baseline","2026-05-16",0,"2026-05-16","Overall","quantile","0.025",102
"Regular Baseline","2026-05-16",0,"2026-05-16","Overall","quantile","0.05",115
"Regular Baseline","2026-05-16",0,"2026-05-16","Overall","quantile","0.1",130
"Regular Baseline","2026-05-16",0,"2026-05-16","Overall","quantile","0.15",141
"Regular Baseline","2026-05-16",0,"2026-05-16","Overall","quantile","0.2",150
"Regular Baseline","2026-05-16",0,"2026-05-16","Overall","quantile","0.25",157
"Regular Baseline","2026-05-16",0,"2026-05-16","Overall","quantile","0.3",165
"Regular Baseline","2026-05-16",0,"2026-05-16","Overall","quantile","0.35",172
"Regular Baseline","2026-05-16",0,"2026-05-16","Overall","quantile","0.4",178
"Regular Baseline","2026-05-16",0,"2026-05-16","Overall","quantile","0.45",184
"Regular Baseline","2026-05-16",0,"2026-05-16","Overall","quantile","0.5",190
"Regular Baseline","2026-05-16",0,"2026-05-16","Overall","quantile","0.55",196
"Regular Baseline","2026-05-16",0,"2026-05-16","Overall","quantile","0.6",203
"Regular Baseline","2026-05-16",0,"2026-05-16","Overall","quantile","0.65",210
"Regular Baseline","2026-05-16",0,"2026-05-16","Overall","quantile","0.7",218
"Regular Baseline","2026-05-16",0,"2026-05-16","Overall","quantile","0.75",226
"Regular Baseline","2026-05-16",0,"2026-05-16","Overall","quantile","0.8",235
"Regular Baseline","2026-05-16",0,"2026-05-16","Overall","quantile","0.85",246
"Regular Baseline","2026-05-16",0,"2026-05-16","Overall","quantile","0.9",261
"Regular Baseline","2026-05-16",0,"2026-05-16","Overall","quantile","0.95",283
"Regular Baseline","2026-05-16",0,"2026-05-16","Overall","quantile","0.975",304
"Regular Baseline","2026-05-16",0,"2026-05-16","Overall","quantile","0.99",329
"Regular Baseline","2026-05-16",1,"2026-05-23","Overall","quantile","0.01",74
"Regular Baseline","2026-05-16",1,"2026-05-23","Overall","quantile","0.025",89
"Regular Baseline","2026-05-16",1,"2026-05-23","Overall","quantile","0.05",105
"Regular Baseline","2026-05-16",1,"2026-05-23","Overall","quantile","0.1",121
"Regular Baseline","2026-05-16",1,"2026-05-23","Overall","quantile","0.15",134
"Regular Baseline","2026-05-16",1,"2026-05-23","Overall","quantile","0.2",144
"Regular Baseline","2026-05-16",1,"2026-05-23","Overall","quantile","0.25",154
"Regular Baseline","2026-05-16",1,"2026-05-23","Overall","quantile","0.3",161
"Regular Baseline","2026-05-16",1,"2026-05-23","Overall","quantile","0.35",169
"Regular Baseline","2026-05-16",1,"2026-05-23","Overall","quantile","0.4",175
"Regular Baseline","2026-05-16",1,"2026-05-23","Overall","quantile","0.45",183
"Regular Baseline","2026-05-16",1,"2026-05-23","Overall","quantile","0.5",190
"Regular Baseline","2026-05-16",1,"2026-05-23","Overall","quantile","0.55",197
"Regular Baseline","2026-05-16",1,"2026-05-23","Overall","quantile","0.6",204
"Regular Baseline","2026-05-16",1,"2026-05-23","Overall","quantile","0.65",212
"Regular Baseline","2026-05-16",1,"2026-05-23","Overall","quantile","0.7",221
"Regular Baseline","2026-05-16",1,"2026-05-23","Overall","quantile","0.75",230
"Regular Baseline","2026-05-16",1,"2026-05-23","Overall","quantile","0.8",242
"Regular Baseline","2026-05-16",1,"2026-05-23","Overall","quantile","0.85",255
"Regular Baseline","2026-05-16",1,"2026-05-23","Overall","quantile","0.9",271
"Regular Baseline","2026-05-16",1,"2026-05-23","Overall","quantile","0.95",298
"Regular Baseline","2026-05-16",1,"2026-05-23","Overall","quantile","0.975",321
"Regular Baseline","2026-05-16",1,"2026-05-23","Overall","quantile","0.99",351
"Regular Baseline","2026-05-16",2,"2026-05-30","Overall","quantile","0.01",66
"Regular Baseline","2026-05-16",2,"2026-05-30","Overall","quantile","0.025",81
"Regular Baseline","2026-05-16",2,"2026-05-30","Overall","quantile","0.05",96
"Regular Baseline","2026-05-16",2,"2026-05-30","Overall","quantile","0.1",115
"Regular Baseline","2026-05-16",2,"2026-05-30","Overall","quantile","0.15",128
"Regular Baseline","2026-05-16",2,"2026-05-30","Overall","quantile","0.2",139
"Regular Baseline","2026-05-16",2,"2026-05-30","Overall","quantile","0.25",148
"Regular Baseline","2026-05-16",2,"2026-05-30","Overall","quantile","0.3",157
"Regular Baseline","2026-05-16",2,"2026-05-30","Overall","quantile","0.35",166
"Regular Baseline","2026-05-16",2,"2026-05-30","Overall","quantile","0.4",173
"Regular Baseline","2026-05-16",2,"2026-05-30","Overall","quantile","0.45",182
"Regular Baseline","2026-05-16",2,"2026-05-30","Overall","quantile","0.5",190
"Regular Baseline","2026-05-16",2,"2026-05-30","Overall","quantile","0.55",198
"Regular Baseline","2026-05-16",2,"2026-05-30","Overall","quantile","0.6",207
"Regular Baseline","2026-05-16",2,"2026-05-30","Overall","quantile","0.65",216
"Regular Baseline","2026-05-16",2,"2026-05-30","Overall","quantile","0.7",226
"Regular Baseline","2026-05-16",2,"2026-05-30","Overall","quantile","0.75",236
"Regular Baseline","2026-05-16",2,"2026-05-30","Overall","quantile","0.8",248
"Regular Baseline","2026-05-16",2,"2026-05-30","Overall","quantile","0.85",264
"Regular Baseline","2026-05-16",2,"2026-05-30","Overall","quantile","0.9",282
"Regular Baseline","2026-05-16",2,"2026-05-30","Overall","quantile","0.95",312
"Regular Baseline","2026-05-16",2,"2026-05-30","Overall","quantile","0.975",340
"Regular Baseline","2026-05-16",2,"2026-05-30","Overall","quantile","0.99",374
"Regular Baseline","2026-05-16",3,"2026-06-06","Overall","quantile","0.01",57
"Regular Baseline","2026-05-16",3,"2026-06-06","Overall","quantile","0.025",73
"Regular Baseline","2026-05-16",3,"2026-06-06","Overall","quantile","0.05",89
"Regular Baseline","2026-05-16",3,"2026-06-06","Overall","quantile","0.1",108
"Regular Baseline","2026-05-16",3,"2026-06-06","Overall","quantile","0.15",122
"Regular Baseline","2026-05-16",3,"2026-06-06","Overall","quantile","0.2",133
"Regular Baseline","2026-05-16",3,"2026-06-06","Overall","quantile","0.25",144
"Regular Baseline","2026-05-16",3,"2026-06-06","Overall","quantile","0.3",153
"Regular Baseline","2026-05-16",3,"2026-06-06","Overall","quantile","0.35",163
"Regular Baseline","2026-05-16",3,"2026-06-06","Overall","quantile","0.4",172
"Regular Baseline","2026-05-16",3,"2026-06-06","Overall","quantile","0.45",181
"Regular Baseline","2026-05-16",3,"2026-06-06","Overall","quantile","0.5",190
"Regular Baseline","2026-05-16",3,"2026-06-06","Overall","quantile","0.55",199
"Regular Baseline","2026-05-16",3,"2026-06-06","Overall","quantile","0.6",208
"Regular Baseline","2026-05-16",3,"2026-06-06","Overall","quantile","0.65",218
"Regular Baseline","2026-05-16",3,"2026-06-06","Overall","quantile","0.7",229
"Regular Baseline","2026-05-16",3,"2026-06-06","Overall","quantile","0.75",241
"Regular Baseline","2026-05-16",3,"2026-06-06","Overall","quantile","0.8",254
"Regular Baseline","2026-05-16",3,"2026-06-06","Overall","quantile","0.85",269
"Regular Baseline","2026-05-16",3,"2026-06-06","Overall","quantile","0.9",290
"Regular Baseline","2026-05-16",3,"2026-06-06","Overall","quantile","0.95",324
"Regular Baseline","2026-05-16",3,"2026-06-06","Overall","quantile","0.975",355
"Regular Baseline","2026-05-16",3,"2026-06-06","Overall","quantile","0.99",388
"Regular Baseline","2026-05-16",-2,"2026-05-02","Pediatrics","quantile","0.01",41
"Regular Baseline","2026-05-16",-2,"2026-05-02","Pediatrics","quantile","0.025",50
"Regular Baseline","2026-05-16",-2,"2026-05-02","Pediatrics","quantile","0.05",56
"Regular Baseline","2026-05-16",-2,"2026-05-02","Pediatrics","quantile","0.1",62
"Regular Baseline","2026-05-16",-2,"2026-05-02","Pediatrics","quantile","0.15",66
"Regular Baseline","2026-05-16",-2,"2026-05-02","Pediatrics","quantile","0.2",70
"Regular Baseline","2026-05-16",-2,"2026-05-02","Pediatrics","quantile","0.25",72
"Regular Baseline","2026-05-16",-2,"2026-05-02","Pediatrics","quantile","0.3",74
"Regular Baseline","2026-05-16",-2,"2026-05-02","Pediatrics","quantile","0.35",77
"Regular Baseline","2026-05-16",-2,"2026-05-02","Pediatrics","quantile","0.4",79
"Regular Baseline","2026-05-16",-2,"2026-05-02","Pediatrics","quantile","0.45",81
"Regular Baseline","2026-05-16",-2,"2026-05-02","Pediatrics","quantile","0.5",85
"Regular Baseline","2026-05-16",-2,"2026-05-02","Pediatrics","quantile","0.55",89
"Regular Baseline","2026-05-16",-2,"2026-05-02","Pediatrics","quantile","0.6",92
"Regular Baseline","2026-05-16",-2,"2026-05-02","Pediatrics","quantile","0.65",94
"Regular Baseline","2026-05-16",-2,"2026-05-02","Pediatrics","quantile","0.7",96
"Regular Baseline","2026-05-16",-2,"2026-05-02","Pediatrics","quantile","0.75",99
"Regular Baseline","2026-05-16",-2,"2026-05-02","Pediatrics","quantile","0.8",101
"Regular Baseline","2026-05-16",-2,"2026-05-02","Pediatrics","quantile","0.85",107
"Regular Baseline","2026-05-16",-2,"2026-05-02","Pediatrics","quantile","0.9",112
"Regular Baseline","2026-05-16",-2,"2026-05-02","Pediatrics","quantile","0.95",120
"Regular Baseline","2026-05-16",-2,"2026-05-02","Pediatrics","quantile","0.975",130
"Regular Baseline","2026-05-16",-2,"2026-05-02","Pediatrics","quantile","0.99",144
"Regular Baseline","2026-05-16",-1,"2026-05-09","Pediatrics","quantile","0.01",28
"Regular Baseline","2026-05-16",-1,"2026-05-09","Pediatrics","quantile","0.025",37
"Regular Baseline","2026-05-16",-1,"2026-05-09","Pediatrics","quantile","0.05",44
"Regular Baseline","2026-05-16",-1,"2026-05-09","Pediatrics","quantile","0.1",52
"Regular Baseline","2026-05-16",-1,"2026-05-09","Pediatrics","quantile","0.15",58
"Regular Baseline","2026-05-16",-1,"2026-05-09","Pediatrics","quantile","0.2",63
"Regular Baseline","2026-05-16",-1,"2026-05-09","Pediatrics","quantile","0.25",67
"Regular Baseline","2026-05-16",-1,"2026-05-09","Pediatrics","quantile","0.3",71
"Regular Baseline","2026-05-16",-1,"2026-05-09","Pediatrics","quantile","0.35",75
"Regular Baseline","2026-05-16",-1,"2026-05-09","Pediatrics","quantile","0.4",78
"Regular Baseline","2026-05-16",-1,"2026-05-09","Pediatrics","quantile","0.45",82
"Regular Baseline","2026-05-16",-1,"2026-05-09","Pediatrics","quantile","0.5",85
"Regular Baseline","2026-05-16",-1,"2026-05-09","Pediatrics","quantile","0.55",89
"Regular Baseline","2026-05-16",-1,"2026-05-09","Pediatrics","quantile","0.6",92
"Regular Baseline","2026-05-16",-1,"2026-05-09","Pediatrics","quantile","0.65",96
"Regular Baseline","2026-05-16",-1,"2026-05-09","Pediatrics","quantile","0.7",100
"Regular Baseline","2026-05-16",-1,"2026-05-09","Pediatrics","quantile","0.75",105
"Regular Baseline","2026-05-16",-1,"2026-05-09","Pediatrics","quantile","0.8",111
"Regular Baseline","2026-05-16",-1,"2026-05-09","Pediatrics","quantile","0.85",116
"Regular Baseline","2026-05-16",-1,"2026-05-09","Pediatrics","quantile","0.9",126
"Regular Baseline","2026-05-16",-1,"2026-05-09","Pediatrics","quantile","0.95",139
"Regular Baseline","2026-05-16",-1,"2026-05-09","Pediatrics","quantile","0.975",153
"Regular Baseline","2026-05-16",-1,"2026-05-09","Pediatrics","quantile","0.99",173
"Regular Baseline","2026-05-16",0,"2026-05-16","Pediatrics","quantile","0.01",20
"Regular Baseline","2026-05-16",0,"2026-05-16","Pediatrics","quantile","0.025",28
"Regular Baseline","2026-05-16",0,"2026-05-16","Pediatrics","quantile","0.05",36
"Regular Baseline","2026-05-16",0,"2026-05-16","Pediatrics","quantile","0.1",45
"Regular Baseline","2026-05-16",0,"2026-05-16","Pediatrics","quantile","0.15",52
"Regular Baseline","2026-05-16",0,"2026-05-16","Pediatrics","quantile","0.2",58
"Regular Baseline","2026-05-16",0,"2026-05-16","Pediatrics","quantile","0.25",63
"Regular Baseline","2026-05-16",0,"2026-05-16","Pediatrics","quantile","0.3",67
"Regular Baseline","2026-05-16",0,"2026-05-16","Pediatrics","quantile","0.35",72
"Regular Baseline","2026-05-16",0,"2026-05-16","Pediatrics","quantile","0.4",76
"Regular Baseline","2026-05-16",0,"2026-05-16","Pediatrics","quantile","0.45",81
"Regular Baseline","2026-05-16",0,"2026-05-16","Pediatrics","quantile","0.5",85
"Regular Baseline","2026-05-16",0,"2026-05-16","Pediatrics","quantile","0.55",90
"Regular Baseline","2026-05-16",0,"2026-05-16","Pediatrics","quantile","0.6",94
"Regular Baseline","2026-05-16",0,"2026-05-16","Pediatrics","quantile","0.65",99
"Regular Baseline","2026-05-16",0,"2026-05-16","Pediatrics","quantile","0.7",104
"Regular Baseline","2026-05-16",0,"2026-05-16","Pediatrics","quantile","0.75",109
"Regular Baseline","2026-05-16",0,"2026-05-16","Pediatrics","quantile","0.8",116
"Regular Baseline","2026-05-16",0,"2026-05-16","Pediatrics","quantile","0.85",124
"Regular Baseline","2026-05-16",0,"2026-05-16","Pediatrics","quantile","0.9",136
"Regular Baseline","2026-05-16",0,"2026-05-16","Pediatrics","quantile","0.95",153
"Regular Baseline","2026-05-16",0,"2026-05-16","Pediatrics","quantile","0.975",171
"Regular Baseline","2026-05-16",0,"2026-05-16","Pediatrics","quantile","0.99",191
"Regular Baseline","2026-05-16",1,"2026-05-23","Pediatrics","quantile","0.01",13
"Regular Baseline","2026-05-16",1,"2026-05-23","Pediatrics","quantile","0.025",22
"Regular Baseline","2026-05-16",1,"2026-05-23","Pediatrics","quantile","0.05",30
"Regular Baseline","2026-05-16",1,"2026-05-23","Pediatrics","quantile","0.1",40
"Regular Baseline","2026-05-16",1,"2026-05-23","Pediatrics","quantile","0.15",48
"Regular Baseline","2026-05-16",1,"2026-05-23","Pediatrics","quantile","0.2",54
"Regular Baseline","2026-05-16",1,"2026-05-23","Pediatrics","quantile","0.25",60
"Regular Baseline","2026-05-16",1,"2026-05-23","Pediatrics","quantile","0.3",66
"Regular Baseline","2026-05-16",1,"2026-05-23","Pediatrics","quantile","0.35",71
"Regular Baseline","2026-05-16",1,"2026-05-23","Pediatrics","quantile","0.4",76
"Regular Baseline","2026-05-16",1,"2026-05-23","Pediatrics","quantile","0.45",80
"Regular Baseline","2026-05-16",1,"2026-05-23","Pediatrics","quantile","0.5",85
"Regular Baseline","2026-05-16",1,"2026-05-23","Pediatrics","quantile","0.55",90
"Regular Baseline","2026-05-16",1,"2026-05-23","Pediatrics","quantile","0.6",95
"Regular Baseline","2026-05-16",1,"2026-05-23","Pediatrics","quantile","0.65",101
"Regular Baseline","2026-05-16",1,"2026-05-23","Pediatrics","quantile","0.7",107
"Regular Baseline","2026-05-16",1,"2026-05-23","Pediatrics","quantile","0.75",114
"Regular Baseline","2026-05-16",1,"2026-05-23","Pediatrics","quantile","0.8",122
"Regular Baseline","2026-05-16",1,"2026-05-23","Pediatrics","quantile","0.85",132
"Regular Baseline","2026-05-16",1,"2026-05-23","Pediatrics","quantile","0.9",144
"Regular Baseline","2026-05-16",1,"2026-05-23","Pediatrics","quantile","0.95",165
"Regular Baseline","2026-05-16",1,"2026-05-23","Pediatrics","quantile","0.975",184
"Regular Baseline","2026-05-16",1,"2026-05-23","Pediatrics","quantile","0.99",208
"Regular Baseline","2026-05-16",2,"2026-05-30","Pediatrics","quantile","0.01",10
"Regular Baseline","2026-05-16",2,"2026-05-30","Pediatrics","quantile","0.025",17
"Regular Baseline","2026-05-16",2,"2026-05-30","Pediatrics","quantile","0.05",26
"Regular Baseline","2026-05-16",2,"2026-05-30","Pediatrics","quantile","0.1",36
"Regular Baseline","2026-05-16",2,"2026-05-30","Pediatrics","quantile","0.15",44
"Regular Baseline","2026-05-16",2,"2026-05-30","Pediatrics","quantile","0.2",51
"Regular Baseline","2026-05-16",2,"2026-05-30","Pediatrics","quantile","0.25",57
"Regular Baseline","2026-05-16",2,"2026-05-30","Pediatrics","quantile","0.3",63
"Regular Baseline","2026-05-16",2,"2026-05-30","Pediatrics","quantile","0.35",69
"Regular Baseline","2026-05-16",2,"2026-05-30","Pediatrics","quantile","0.4",74
"Regular Baseline","2026-05-16",2,"2026-05-30","Pediatrics","quantile","0.45",80
"Regular Baseline","2026-05-16",2,"2026-05-30","Pediatrics","quantile","0.5",85
"Regular Baseline","2026-05-16",2,"2026-05-30","Pediatrics","quantile","0.55",91
"Regular Baseline","2026-05-16",2,"2026-05-30","Pediatrics","quantile","0.6",97
"Regular Baseline","2026-05-16",2,"2026-05-30","Pediatrics","quantile","0.65",104
"Regular Baseline","2026-05-16",2,"2026-05-30","Pediatrics","quantile","0.7",110
"Regular Baseline","2026-05-16",2,"2026-05-30","Pediatrics","quantile","0.75",118
"Regular Baseline","2026-05-16",2,"2026-05-30","Pediatrics","quantile","0.8",127
"Regular Baseline","2026-05-16",2,"2026-05-30","Pediatrics","quantile","0.85",139
"Regular Baseline","2026-05-16",2,"2026-05-30","Pediatrics","quantile","0.9",154
"Regular Baseline","2026-05-16",2,"2026-05-30","Pediatrics","quantile","0.95",178
"Regular Baseline","2026-05-16",2,"2026-05-30","Pediatrics","quantile","0.975",200
"Regular Baseline","2026-05-16",2,"2026-05-30","Pediatrics","quantile","0.99",234
"Regular Baseline","2026-05-16",3,"2026-06-06","Pediatrics","quantile","0.01",6
"Regular Baseline","2026-05-16",3,"2026-06-06","Pediatrics","quantile","0.025",13
"Regular Baseline","2026-05-16",3,"2026-06-06","Pediatrics","quantile","0.05",21
"Regular Baseline","2026-05-16",3,"2026-06-06","Pediatrics","quantile","0.1",32
"Regular Baseline","2026-05-16",3,"2026-06-06","Pediatrics","quantile","0.15",40
"Regular Baseline","2026-05-16",3,"2026-06-06","Pediatrics","quantile","0.2",47
"Regular Baseline","2026-05-16",3,"2026-06-06","Pediatrics","quantile","0.25",54
"Regular Baseline","2026-05-16",3,"2026-06-06","Pediatrics","quantile","0.3",60
"Regular Baseline","2026-05-16",3,"2026-06-06","Pediatrics","quantile","0.35",66
"Regular Baseline","2026-05-16",3,"2026-06-06","Pediatrics","quantile","0.4",72
"Regular Baseline","2026-05-16",3,"2026-06-06","Pediatrics","quantile","0.45",79
"Regular Baseline","2026-05-16",3,"2026-06-06","Pediatrics","quantile","0.5",85
"Regular Baseline","2026-05-16",3,"2026-06-06","Pediatrics","quantile","0.55",91
"Regular Baseline","2026-05-16",3,"2026-06-06","Pediatrics","quantile","0.6",98
"Regular Baseline","2026-05-16",3,"2026-06-06","Pediatrics","quantile","0.65",105
"Regular Baseline","2026-05-16",3,"2026-06-06","Pediatrics","quantile","0.7",113
"Regular Baseline","2026-05-16",3,"2026-06-06","Pediatrics","quantile","0.75",121
"Regular Baseline","2026-05-16",3,"2026-06-06","Pediatrics","quantile","0.8",132
"Regular Baseline","2026-05-16",3,"2026-06-06","Pediatrics","quantile","0.85",144
"Regular Baseline","2026-05-16",3,"2026-06-06","Pediatrics","quantile","0.9",160
"Regular Baseline","2026-05-16",3,"2026-06-06","Pediatrics","quantile","0.95",188
"Regular Baseline","2026-05-16",3,"2026-06-06","Pediatrics","quantile","0.975",214
"Regular Baseline","2026-05-16",3,"2026-06-06","Pediatrics","quantile","0.99",246
"Seasonal Baseline","2026-05-16",-2,"2026-05-02","Adults","quantile","0.01",68
"Seasonal Baseline","2026-05-16",-2,"2026-05-02","Adults","quantile","0.025",75
"Seasonal Baseline","2026-05-16",-2,"2026-05-02","Adults","quantile","0.05",82
"Seasonal Baseline","2026-05-16",-2,"2026-05-02","Adults","quantile","0.1",90
"Seasonal Baseline","2026-05-16",-2,"2026-05-02","Adults","quantile","0.15",96
"Seasonal Baseline","2026-05-16",-2,"2026-05-02","Adults","quantile","0.2",102
"Seasonal Baseline","2026-05-16",-2,"2026-05-02","Adults","quantile","0.25",106
"Seasonal Baseline","2026-05-16",-2,"2026-05-02","Adults","quantile","0.3",111
"Seasonal Baseline","2026-05-16",-2,"2026-05-02","Adults","quantile","0.35",115
"Seasonal Baseline","2026-05-16",-2,"2026-05-02","Adults","quantile","0.4",120
"Seasonal Baseline","2026-05-16",-2,"2026-05-02","Adults","quantile","0.45",124
"Seasonal Baseline","2026-05-16",-2,"2026-05-02","Adults","quantile","0.5",129
"Seasonal Baseline","2026-05-16",-2,"2026-05-02","Adults","quantile","0.55",133
"Seasonal Baseline","2026-05-16",-2,"2026-05-02","Adults","quantile","0.6",138
"Seasonal Baseline","2026-05-16",-2,"2026-05-02","Adults","quantile","0.65",143
"Seasonal Baseline","2026-05-16",-2,"2026-05-02","Adults","quantile","0.7",148
"Seasonal Baseline","2026-05-16",-2,"2026-05-02","Adults","quantile","0.75",155
"Seasonal Baseline","2026-05-16",-2,"2026-05-02","Adults","quantile","0.8",162
"Seasonal Baseline","2026-05-16",-2,"2026-05-02","Adults","quantile","0.85",170
"Seasonal Baseline","2026-05-16",-2,"2026-05-02","Adults","quantile","0.9",183
"Seasonal Baseline","2026-05-16",-2,"2026-05-02","Adults","quantile","0.95",202
"Seasonal Baseline","2026-05-16",-2,"2026-05-02","Adults","quantile","0.975",220
"Seasonal Baseline","2026-05-16",-2,"2026-05-02","Adults","quantile","0.99",243
"Seasonal Baseline","2026-05-16",-1,"2026-05-09","Adults","quantile","0.01",71
"Seasonal Baseline","2026-05-16",-1,"2026-05-09","Adults","quantile","0.025",79
"Seasonal Baseline","2026-05-16",-1,"2026-05-09","Adults","quantile","0.05",86
"Seasonal Baseline","2026-05-16",-1,"2026-05-09","Adults","quantile","0.1",96
"Seasonal Baseline","2026-05-16",-1,"2026-05-09","Adults","quantile","0.15",103
"Seasonal Baseline","2026-05-16",-1,"2026-05-09","Adults","quantile","0.2",108
"Seasonal Baseline","2026-05-16",-1,"2026-05-09","Adults","quantile","0.25",113
"Seasonal Baseline","2026-05-16",-1,"2026-05-09","Adults","quantile","0.3",118
"Seasonal Baseline","2026-05-16",-1,"2026-05-09","Adults","quantile","0.35",122
"Seasonal Baseline","2026-05-16",-1,"2026-05-09","Adults","quantile","0.4",127
"Seasonal Baseline","2026-05-16",-1,"2026-05-09","Adults","quantile","0.45",131
"Seasonal Baseline","2026-05-16",-1,"2026-05-09","Adults","quantile","0.5",135
"Seasonal Baseline","2026-05-16",-1,"2026-05-09","Adults","quantile","0.55",140
"Seasonal Baseline","2026-05-16",-1,"2026-05-09","Adults","quantile","0.6",145
"Seasonal Baseline","2026-05-16",-1,"2026-05-09","Adults","quantile","0.65",151
"Seasonal Baseline","2026-05-16",-1,"2026-05-09","Adults","quantile","0.7",157
"Seasonal Baseline","2026-05-16",-1,"2026-05-09","Adults","quantile","0.75",163
"Seasonal Baseline","2026-05-16",-1,"2026-05-09","Adults","quantile","0.8",172
"Seasonal Baseline","2026-05-16",-1,"2026-05-09","Adults","quantile","0.85",182
"Seasonal Baseline","2026-05-16",-1,"2026-05-09","Adults","quantile","0.9",195
"Seasonal Baseline","2026-05-16",-1,"2026-05-09","Adults","quantile","0.95",216
"Seasonal Baseline","2026-05-16",-1,"2026-05-09","Adults","quantile","0.975",235
"Seasonal Baseline","2026-05-16",-1,"2026-05-09","Adults","quantile","0.99",258
"Seasonal Baseline","2026-05-16",0,"2026-05-16","Adults","quantile","0.01",75
"Seasonal Baseline","2026-05-16",0,"2026-05-16","Adults","quantile","0.025",83
"Seasonal Baseline","2026-05-16",0,"2026-05-16","Adults","quantile","0.05",91
"Seasonal Baseline","2026-05-16",0,"2026-05-16","Adults","quantile","0.1",100
"Seasonal Baseline","2026-05-16",0,"2026-05-16","Adults","quantile","0.15",107
"Seasonal Baseline","2026-05-16",0,"2026-05-16","Adults","quantile","0.2",113
"Seasonal Baseline","2026-05-16",0,"2026-05-16","Adults","quantile","0.25",118
"Seasonal Baseline","2026-05-16",0,"2026-05-16","Adults","quantile","0.3",123
"Seasonal Baseline","2026-05-16",0,"2026-05-16","Adults","quantile","0.35",129
"Seasonal Baseline","2026-05-16",0,"2026-05-16","Adults","quantile","0.4",134
"Seasonal Baseline","2026-05-16",0,"2026-05-16","Adults","quantile","0.45",138
"Seasonal Baseline","2026-05-16",0,"2026-05-16","Adults","quantile","0.5",143
"Seasonal Baseline","2026-05-16",0,"2026-05-16","Adults","quantile","0.55",148
"Seasonal Baseline","2026-05-16",0,"2026-05-16","Adults","quantile","0.6",153
"Seasonal Baseline","2026-05-16",0,"2026-05-16","Adults","quantile","0.65",159
"Seasonal Baseline","2026-05-16",0,"2026-05-16","Adults","quantile","0.7",165
"Seasonal Baseline","2026-05-16",0,"2026-05-16","Adults","quantile","0.75",171
"Seasonal Baseline","2026-05-16",0,"2026-05-16","Adults","quantile","0.8",180
"Seasonal Baseline","2026-05-16",0,"2026-05-16","Adults","quantile","0.85",189
"Seasonal Baseline","2026-05-16",0,"2026-05-16","Adults","quantile","0.9",202
"Seasonal Baseline","2026-05-16",0,"2026-05-16","Adults","quantile","0.95",225
"Seasonal Baseline","2026-05-16",0,"2026-05-16","Adults","quantile","0.975",247
"Seasonal Baseline","2026-05-16",0,"2026-05-16","Adults","quantile","0.99",273
"Seasonal Baseline","2026-05-16",1,"2026-05-23","Adults","quantile","0.01",78
"Seasonal Baseline","2026-05-16",1,"2026-05-23","Adults","quantile","0.025",86
"Seasonal Baseline","2026-05-16",1,"2026-05-23","Adults","quantile","0.05",93
"Seasonal Baseline","2026-05-16",1,"2026-05-23","Adults","quantile","0.1",103
"Seasonal Baseline","2026-05-16",1,"2026-05-23","Adults","quantile","0.15",111
"Seasonal Baseline","2026-05-16",1,"2026-05-23","Adults","quantile","0.2",117
"Seasonal Baseline","2026-05-16",1,"2026-05-23","Adults","quantile","0.25",122
"Seasonal Baseline","2026-05-16",1,"2026-05-23","Adults","quantile","0.3",128
"Seasonal Baseline","2026-05-16",1,"2026-05-23","Adults","quantile","0.35",132
"Seasonal Baseline","2026-05-16",1,"2026-05-23","Adults","quantile","0.4",137
"Seasonal Baseline","2026-05-16",1,"2026-05-23","Adults","quantile","0.45",142
"Seasonal Baseline","2026-05-16",1,"2026-05-23","Adults","quantile","0.5",147
"Seasonal Baseline","2026-05-16",1,"2026-05-23","Adults","quantile","0.55",152
"Seasonal Baseline","2026-05-16",1,"2026-05-23","Adults","quantile","0.6",158
"Seasonal Baseline","2026-05-16",1,"2026-05-23","Adults","quantile","0.65",164
"Seasonal Baseline","2026-05-16",1,"2026-05-23","Adults","quantile","0.7",170
"Seasonal Baseline","2026-05-16",1,"2026-05-23","Adults","quantile","0.75",178
"Seasonal Baseline","2026-05-16",1,"2026-05-23","Adults","quantile","0.8",187
"Seasonal Baseline","2026-05-16",1,"2026-05-23","Adults","quantile","0.85",198
"Seasonal Baseline","2026-05-16",1,"2026-05-23","Adults","quantile","0.9",211
"Seasonal Baseline","2026-05-16",1,"2026-05-23","Adults","quantile","0.95",234
"Seasonal Baseline","2026-05-16",1,"2026-05-23","Adults","quantile","0.975",255
"Seasonal Baseline","2026-05-16",1,"2026-05-23","Adults","quantile","0.99",281
"Seasonal Baseline","2026-05-16",2,"2026-05-30","Adults","quantile","0.01",78
"Seasonal Baseline","2026-05-16",2,"2026-05-30","Adults","quantile","0.025",87
"Seasonal Baseline","2026-05-16",2,"2026-05-30","Adults","quantile","0.05",95
"Seasonal Baseline","2026-05-16",2,"2026-05-30","Adults","quantile","0.1",105
"Seasonal Baseline","2026-05-16",2,"2026-05-30","Adults","quantile","0.15",112
"Seasonal Baseline","2026-05-16",2,"2026-05-30","Adults","quantile","0.2",119
"Seasonal Baseline","2026-05-16",2,"2026-05-30","Adults","quantile","0.25",125
"Seasonal Baseline","2026-05-16",2,"2026-05-30","Adults","quantile","0.3",130
"Seasonal Baseline","2026-05-16",2,"2026-05-30","Adults","quantile","0.35",135
"Seasonal Baseline","2026-05-16",2,"2026-05-30","Adults","quantile","0.4",140
"Seasonal Baseline","2026-05-16",2,"2026-05-30","Adults","quantile","0.45",145
"Seasonal Baseline","2026-05-16",2,"2026-05-30","Adults","quantile","0.5",150
"Seasonal Baseline","2026-05-16",2,"2026-05-30","Adults","quantile","0.55",156
"Seasonal Baseline","2026-05-16",2,"2026-05-30","Adults","quantile","0.6",161
"Seasonal Baseline","2026-05-16",2,"2026-05-30","Adults","quantile","0.65",168
"Seasonal Baseline","2026-05-16",2,"2026-05-30","Adults","quantile","0.7",174
"Seasonal Baseline","2026-05-16",2,"2026-05-30","Adults","quantile","0.75",182
"Seasonal Baseline","2026-05-16",2,"2026-05-30","Adults","quantile","0.8",190
"Seasonal Baseline","2026-05-16",2,"2026-05-30","Adults","quantile","0.85",201
"Seasonal Baseline","2026-05-16",2,"2026-05-30","Adults","quantile","0.9",215
"Seasonal Baseline","2026-05-16",2,"2026-05-30","Adults","quantile","0.95",239
"Seasonal Baseline","2026-05-16",2,"2026-05-30","Adults","quantile","0.975",260
"Seasonal Baseline","2026-05-16",2,"2026-05-30","Adults","quantile","0.99",289
"Seasonal Baseline","2026-05-16",3,"2026-06-06","Adults","quantile","0.01",80
"Seasonal Baseline","2026-05-16",3,"2026-06-06","Adults","quantile","0.025",89
"Seasonal Baseline","2026-05-16",3,"2026-06-06","Adults","quantile","0.05",96
"Seasonal Baseline","2026-05-16",3,"2026-06-06","Adults","quantile","0.1",107
"Seasonal Baseline","2026-05-16",3,"2026-06-06","Adults","quantile","0.15",115
"Seasonal Baseline","2026-05-16",3,"2026-06-06","Adults","quantile","0.2",121
"Seasonal Baseline","2026-05-16",3,"2026-06-06","Adults","quantile","0.25",127
"Seasonal Baseline","2026-05-16",3,"2026-06-06","Adults","quantile","0.3",132
"Seasonal Baseline","2026-05-16",3,"2026-06-06","Adults","quantile","0.35",137
"Seasonal Baseline","2026-05-16",3,"2026-06-06","Adults","quantile","0.4",142
"Seasonal Baseline","2026-05-16",3,"2026-06-06","Adults","quantile","0.45",147
"Seasonal Baseline","2026-05-16",3,"2026-06-06","Adults","quantile","0.5",152
"Seasonal Baseline","2026-05-16",3,"2026-06-06","Adults","quantile","0.55",157
"Seasonal Baseline","2026-05-16",3,"2026-06-06","Adults","quantile","0.6",163
"Seasonal Baseline","2026-05-16",3,"2026-06-06","Adults","quantile","0.65",169
"Seasonal Baseline","2026-05-16",3,"2026-06-06","Adults","quantile","0.7",176
"Seasonal Baseline","2026-05-16",3,"2026-06-06","Adults","quantile","0.75",183
"Seasonal Baseline","2026-05-16",3,"2026-06-06","Adults","quantile","0.8",192
"Seasonal Baseline","2026-05-16",3,"2026-06-06","Adults","quantile","0.85",202
"Seasonal Baseline","2026-05-16",3,"2026-06-06","Adults","quantile","0.9",216
"Seasonal Baseline","2026-05-16",3,"2026-06-06","Adults","quantile","0.95",240
"Seasonal Baseline","2026-05-16",3,"2026-06-06","Adults","quantile","0.975",260
"Seasonal Baseline","2026-05-16",3,"2026-06-06","Adults","quantile","0.99",287
"Seasonal Baseline","2026-05-16",-2,"2026-05-02","Overall","quantile","0.01",136
"Seasonal Baseline","2026-05-16",-2,"2026-05-02","Overall","quantile","0.025",149
"Seasonal Baseline","2026-05-16",-2,"2026-05-02","Overall","quantile","0.05",160
"Seasonal Baseline","2026-05-16",-2,"2026-05-02","Overall","quantile","0.1",176
"Seasonal Baseline","2026-05-16",-2,"2026-05-02","Overall","quantile","0.15",188
"Seasonal Baseline","2026-05-16",-2,"2026-05-02","Overall","quantile","0.2",197
"Seasonal Baseline","2026-05-16",-2,"2026-05-02","Overall","quantile","0.25",207
"Seasonal Baseline","2026-05-16",-2,"2026-05-02","Overall","quantile","0.3",214
"Seasonal Baseline","2026-05-16",-2,"2026-05-02","Overall","quantile","0.35",222
"Seasonal Baseline","2026-05-16",-2,"2026-05-02","Overall","quantile","0.4",230
"Seasonal Baseline","2026-05-16",-2,"2026-05-02","Overall","quantile","0.45",238
"Seasonal Baseline","2026-05-16",-2,"2026-05-02","Overall","quantile","0.5",245
"Seasonal Baseline","2026-05-16",-2,"2026-05-02","Overall","quantile","0.55",252
"Seasonal Baseline","2026-05-16",-2,"2026-05-02","Overall","quantile","0.6",261
"Seasonal Baseline","2026-05-16",-2,"2026-05-02","Overall","quantile","0.65",270
"Seasonal Baseline","2026-05-16",-2,"2026-05-02","Overall","quantile","0.7",280
"Seasonal Baseline","2026-05-16",-2,"2026-05-02","Overall","quantile","0.75",290
"Seasonal Baseline","2026-05-16",-2,"2026-05-02","Overall","quantile","0.8",303
"Seasonal Baseline","2026-05-16",-2,"2026-05-02","Overall","quantile","0.85",319
"Seasonal Baseline","2026-05-16",-2,"2026-05-02","Overall","quantile","0.9",341
"Seasonal Baseline","2026-05-16",-2,"2026-05-02","Overall","quantile","0.95",372
"Seasonal Baseline","2026-05-16",-2,"2026-05-02","Overall","quantile","0.975",405
"Seasonal Baseline","2026-05-16",-2,"2026-05-02","Overall","quantile","0.99",442
"Seasonal Baseline","2026-05-16",-1,"2026-05-09","Overall","quantile","0.01",148
"Seasonal Baseline","2026-05-16",-1,"2026-05-09","Overall","quantile","0.025",163
"Seasonal Baseline","2026-05-16",-1,"2026-05-09","Overall","quantile","0.05",175
"Seasonal Baseline","2026-05-16",-1,"2026-05-09","Overall","quantile","0.1",193
"Seasonal Baseline","2026-05-16",-1,"2026-05-09","Overall","quantile","0.15",206
"Seasonal Baseline","2026-05-16",-1,"2026-05-09","Overall","quantile","0.2",217
"Seasonal Baseline","2026-05-16",-1,"2026-05-09","Overall","quantile","0.25",227
"Seasonal Baseline","2026-05-16",-1,"2026-05-09","Overall","quantile","0.3",235
"Seasonal Baseline","2026-05-16",-1,"2026-05-09","Overall","quantile","0.35",244
"Seasonal Baseline","2026-05-16",-1,"2026-05-09","Overall","quantile","0.4",253
"Seasonal Baseline","2026-05-16",-1,"2026-05-09","Overall","quantile","0.45",261
"Seasonal Baseline","2026-05-16",-1,"2026-05-09","Overall","quantile","0.5",269
"Seasonal Baseline","2026-05-16",-1,"2026-05-09","Overall","quantile","0.55",278
"Seasonal Baseline","2026-05-16",-1,"2026-05-09","Overall","quantile","0.6",287
"Seasonal Baseline","2026-05-16",-1,"2026-05-09","Overall","quantile","0.65",298
"Seasonal Baseline","2026-05-16",-1,"2026-05-09","Overall","quantile","0.7",308
"Seasonal Baseline","2026-05-16",-1,"2026-05-09","Overall","quantile","0.75",321
"Seasonal Baseline","2026-05-16",-1,"2026-05-09","Overall","quantile","0.8",336
"Seasonal Baseline","2026-05-16",-1,"2026-05-09","Overall","quantile","0.85",353
"Seasonal Baseline","2026-05-16",-1,"2026-05-09","Overall","quantile","0.9",376
"Seasonal Baseline","2026-05-16",-1,"2026-05-09","Overall","quantile","0.95",413
"Seasonal Baseline","2026-05-16",-1,"2026-05-09","Overall","quantile","0.975",447
"Seasonal Baseline","2026-05-16",-1,"2026-05-09","Overall","quantile","0.99",489
"Seasonal Baseline","2026-05-16",0,"2026-05-16","Overall","quantile","0.01",160
"Seasonal Baseline","2026-05-16",0,"2026-05-16","Overall","quantile","0.025",177
"Seasonal Baseline","2026-05-16",0,"2026-05-16","Overall","quantile","0.05",192
"Seasonal Baseline","2026-05-16",0,"2026-05-16","Overall","quantile","0.1",211
"Seasonal Baseline","2026-05-16",0,"2026-05-16","Overall","quantile","0.15",225
"Seasonal Baseline","2026-05-16",0,"2026-05-16","Overall","quantile","0.2",237
"Seasonal Baseline","2026-05-16",0,"2026-05-16","Overall","quantile","0.25",247
"Seasonal Baseline","2026-05-16",0,"2026-05-16","Overall","quantile","0.3",257
"Seasonal Baseline","2026-05-16",0,"2026-05-16","Overall","quantile","0.35",266
"Seasonal Baseline","2026-05-16",0,"2026-05-16","Overall","quantile","0.4",275
"Seasonal Baseline","2026-05-16",0,"2026-05-16","Overall","quantile","0.45",284
"Seasonal Baseline","2026-05-16",0,"2026-05-16","Overall","quantile","0.5",293
"Seasonal Baseline","2026-05-16",0,"2026-05-16","Overall","quantile","0.55",303
"Seasonal Baseline","2026-05-16",0,"2026-05-16","Overall","quantile","0.6",315
"Seasonal Baseline","2026-05-16",0,"2026-05-16","Overall","quantile","0.65",326
"Seasonal Baseline","2026-05-16",0,"2026-05-16","Overall","quantile","0.7",337
"Seasonal Baseline","2026-05-16",0,"2026-05-16","Overall","quantile","0.75",350
"Seasonal Baseline","2026-05-16",0,"2026-05-16","Overall","quantile","0.8",366
"Seasonal Baseline","2026-05-16",0,"2026-05-16","Overall","quantile","0.85",385
"Seasonal Baseline","2026-05-16",0,"2026-05-16","Overall","quantile","0.9",411
"Seasonal Baseline","2026-05-16",0,"2026-05-16","Overall","quantile","0.95",452
"Seasonal Baseline","2026-05-16",0,"2026-05-16","Overall","quantile","0.975",495
"Seasonal Baseline","2026-05-16",0,"2026-05-16","Overall","quantile","0.99",539
"Seasonal Baseline","2026-05-16",1,"2026-05-23","Overall","quantile","0.01",174
"Seasonal Baseline","2026-05-16",1,"2026-05-23","Overall","quantile","0.025",190
"Seasonal Baseline","2026-05-16",1,"2026-05-23","Overall","quantile","0.05",207
"Seasonal Baseline","2026-05-16",1,"2026-05-23","Overall","quantile","0.1",226
"Seasonal Baseline","2026-05-16",1,"2026-05-23","Overall","quantile","0.15",242
"Seasonal Baseline","2026-05-16",1,"2026-05-23","Overall","quantile","0.2",255
"Seasonal Baseline","2026-05-16",1,"2026-05-23","Overall","quantile","0.25",265
"Seasonal Baseline","2026-05-16",1,"2026-05-23","Overall","quantile","0.3",275
"Seasonal Baseline","2026-05-16",1,"2026-05-23","Overall","quantile","0.35",285
"Seasonal Baseline","2026-05-16",1,"2026-05-23","Overall","quantile","0.4",296
"Seasonal Baseline","2026-05-16",1,"2026-05-23","Overall","quantile","0.45",306
"Seasonal Baseline","2026-05-16",1,"2026-05-23","Overall","quantile","0.5",315
"Seasonal Baseline","2026-05-16",1,"2026-05-23","Overall","quantile","0.55",325
"Seasonal Baseline","2026-05-16",1,"2026-05-23","Overall","quantile","0.6",336
"Seasonal Baseline","2026-05-16",1,"2026-05-23","Overall","quantile","0.65",348
"Seasonal Baseline","2026-05-16",1,"2026-05-23","Overall","quantile","0.7",362
"Seasonal Baseline","2026-05-16",1,"2026-05-23","Overall","quantile","0.75",374
"Seasonal Baseline","2026-05-16",1,"2026-05-23","Overall","quantile","0.8",391
"Seasonal Baseline","2026-05-16",1,"2026-05-23","Overall","quantile","0.85",410
"Seasonal Baseline","2026-05-16",1,"2026-05-23","Overall","quantile","0.9",440
"Seasonal Baseline","2026-05-16",1,"2026-05-23","Overall","quantile","0.95",480
"Seasonal Baseline","2026-05-16",1,"2026-05-23","Overall","quantile","0.975",516
"Seasonal Baseline","2026-05-16",1,"2026-05-23","Overall","quantile","0.99",569
"Seasonal Baseline","2026-05-16",2,"2026-05-30","Overall","quantile","0.01",178
"Seasonal Baseline","2026-05-16",2,"2026-05-30","Overall","quantile","0.025",198
"Seasonal Baseline","2026-05-16",2,"2026-05-30","Overall","quantile","0.05",215
"Seasonal Baseline","2026-05-16",2,"2026-05-30","Overall","quantile","0.1",236
"Seasonal Baseline","2026-05-16",2,"2026-05-30","Overall","quantile","0.15",252
"Seasonal Baseline","2026-05-16",2,"2026-05-30","Overall","quantile","0.2",264
"Seasonal Baseline","2026-05-16",2,"2026-05-30","Overall","quantile","0.25",276
"Seasonal Baseline","2026-05-16",2,"2026-05-30","Overall","quantile","0.3",288
"Seasonal Baseline","2026-05-16",2,"2026-05-30","Overall","quantile","0.35",298
"Seasonal Baseline","2026-05-16",2,"2026-05-30","Overall","quantile","0.4",307
"Seasonal Baseline","2026-05-16",2,"2026-05-30","Overall","quantile","0.45",318
"Seasonal Baseline","2026-05-16",2,"2026-05-30","Overall","quantile","0.5",329
"Seasonal Baseline","2026-05-16",2,"2026-05-30","Overall","quantile","0.55",340
"Seasonal Baseline","2026-05-16",2,"2026-05-30","Overall","quantile","0.6",352
"Seasonal Baseline","2026-05-16",2,"2026-05-30","Overall","quantile","0.65",364
"Seasonal Baseline","2026-05-16",2,"2026-05-30","Overall","quantile","0.7",377
"Seasonal Baseline","2026-05-16",2,"2026-05-30","Overall","quantile","0.75",391
"Seasonal Baseline","2026-05-16",2,"2026-05-30","Overall","quantile","0.8",408
"Seasonal Baseline","2026-05-16",2,"2026-05-30","Overall","quantile","0.85",430
"Seasonal Baseline","2026-05-16",2,"2026-05-30","Overall","quantile","0.9",458
"Seasonal Baseline","2026-05-16",2,"2026-05-30","Overall","quantile","0.95",501
"Seasonal Baseline","2026-05-16",2,"2026-05-30","Overall","quantile","0.975",544
"Seasonal Baseline","2026-05-16",2,"2026-05-30","Overall","quantile","0.99",601
"Seasonal Baseline","2026-05-16",3,"2026-06-06","Overall","quantile","0.01",184
"Seasonal Baseline","2026-05-16",3,"2026-06-06","Overall","quantile","0.025",201
"Seasonal Baseline","2026-05-16",3,"2026-06-06","Overall","quantile","0.05",217
"Seasonal Baseline","2026-05-16",3,"2026-06-06","Overall","quantile","0.1",241
"Seasonal Baseline","2026-05-16",3,"2026-06-06","Overall","quantile","0.15",256
"Seasonal Baseline","2026-05-16",3,"2026-06-06","Overall","quantile","0.2",270
"Seasonal Baseline","2026-05-16",3,"2026-06-06","Overall","quantile","0.25",281
"Seasonal Baseline","2026-05-16",3,"2026-06-06","Overall","quantile","0.3",292
"Seasonal Baseline","2026-05-16",3,"2026-06-06","Overall","quantile","0.35",302
"Seasonal Baseline","2026-05-16",3,"2026-06-06","Overall","quantile","0.4",312
"Seasonal Baseline","2026-05-16",3,"2026-06-06","Overall","quantile","0.45",323
"Seasonal Baseline","2026-05-16",3,"2026-06-06","Overall","quantile","0.5",333
"Seasonal Baseline","2026-05-16",3,"2026-06-06","Overall","quantile","0.55",345
"Seasonal Baseline","2026-05-16",3,"2026-06-06","Overall","quantile","0.6",356
"Seasonal Baseline","2026-05-16",3,"2026-06-06","Overall","quantile","0.65",368
"Seasonal Baseline","2026-05-16",3,"2026-06-06","Overall","quantile","0.7",380
"Seasonal Baseline","2026-05-16",3,"2026-06-06","Overall","quantile","0.75",395
"Seasonal Baseline","2026-05-16",3,"2026-06-06","Overall","quantile","0.8",413
"Seasonal Baseline","2026-05-16",3,"2026-06-06","Overall","quantile","0.85",435
"Seasonal Baseline","2026-05-16",3,"2026-06-06","Overall","quantile","0.9",465
"Seasonal Baseline","2026-05-16",3,"2026-06-06","Overall","quantile","0.95",513
"Seasonal Baseline","2026-05-16",3,"2026-06-06","Overall","quantile","0.975",552
"Seasonal Baseline","2026-05-16",3,"2026-06-06","Overall","quantile","0.99",605
"Seasonal Baseline","2026-05-16",-2,"2026-05-02","Pediatrics","quantile","0.01",50
"Seasonal Baseline","2026-05-16",-2,"2026-05-02","Pediatrics","quantile","0.025",55
"Seasonal Baseline","2026-05-16",-2,"2026-05-02","Pediatrics","quantile","0.05",61
"Seasonal Baseline","2026-05-16",-2,"2026-05-02","Pediatrics","quantile","0.1",70
"Seasonal Baseline","2026-05-16",-2,"2026-05-02","Pediatrics","quantile","0.15",76
"Seasonal Baseline","2026-05-16",-2,"2026-05-02","Pediatrics","quantile","0.2",81
"Seasonal Baseline","2026-05-16",-2,"2026-05-02","Pediatrics","quantile","0.25",86
"Seasonal Baseline","2026-05-16",-2,"2026-05-02","Pediatrics","quantile","0.3",90
"Seasonal Baseline","2026-05-16",-2,"2026-05-02","Pediatrics","quantile","0.35",95
"Seasonal Baseline","2026-05-16",-2,"2026-05-02","Pediatrics","quantile","0.4",99
"Seasonal Baseline","2026-05-16",-2,"2026-05-02","Pediatrics","quantile","0.45",103
"Seasonal Baseline","2026-05-16",-2,"2026-05-02","Pediatrics","quantile","0.5",108
"Seasonal Baseline","2026-05-16",-2,"2026-05-02","Pediatrics","quantile","0.55",112
"Seasonal Baseline","2026-05-16",-2,"2026-05-02","Pediatrics","quantile","0.6",118
"Seasonal Baseline","2026-05-16",-2,"2026-05-02","Pediatrics","quantile","0.65",123
"Seasonal Baseline","2026-05-16",-2,"2026-05-02","Pediatrics","quantile","0.7",128
"Seasonal Baseline","2026-05-16",-2,"2026-05-02","Pediatrics","quantile","0.75",135
"Seasonal Baseline","2026-05-16",-2,"2026-05-02","Pediatrics","quantile","0.8",143
"Seasonal Baseline","2026-05-16",-2,"2026-05-02","Pediatrics","quantile","0.85",153
"Seasonal Baseline","2026-05-16",-2,"2026-05-02","Pediatrics","quantile","0.9",166
"Seasonal Baseline","2026-05-16",-2,"2026-05-02","Pediatrics","quantile","0.95",190
"Seasonal Baseline","2026-05-16",-2,"2026-05-02","Pediatrics","quantile","0.975",213
"Seasonal Baseline","2026-05-16",-2,"2026-05-02","Pediatrics","quantile","0.99",237
"Seasonal Baseline","2026-05-16",-1,"2026-05-09","Pediatrics","quantile","0.01",57
"Seasonal Baseline","2026-05-16",-1,"2026-05-09","Pediatrics","quantile","0.025",65
"Seasonal Baseline","2026-05-16",-1,"2026-05-09","Pediatrics","quantile","0.05",72
"Seasonal Baseline","2026-05-16",-1,"2026-05-09","Pediatrics","quantile","0.1",81
"Seasonal Baseline","2026-05-16",-1,"2026-05-09","Pediatrics","quantile","0.15",88
"Seasonal Baseline","2026-05-16",-1,"2026-05-09","Pediatrics","quantile","0.2",94
"Seasonal Baseline","2026-05-16",-1,"2026-05-09","Pediatrics","quantile","0.25",99
"Seasonal Baseline","2026-05-16",-1,"2026-05-09","Pediatrics","quantile","0.3",104
"Seasonal Baseline","2026-05-16",-1,"2026-05-09","Pediatrics","quantile","0.35",110
"Seasonal Baseline","2026-05-16",-1,"2026-05-09","Pediatrics","quantile","0.4",114
"Seasonal Baseline","2026-05-16",-1,"2026-05-09","Pediatrics","quantile","0.45",120
"Seasonal Baseline","2026-05-16",-1,"2026-05-09","Pediatrics","quantile","0.5",125
"Seasonal Baseline","2026-05-16",-1,"2026-05-09","Pediatrics","quantile","0.55",130
"Seasonal Baseline","2026-05-16",-1,"2026-05-09","Pediatrics","quantile","0.6",136
"Seasonal Baseline","2026-05-16",-1,"2026-05-09","Pediatrics","quantile","0.65",143
"Seasonal Baseline","2026-05-16",-1,"2026-05-09","Pediatrics","quantile","0.7",150
"Seasonal Baseline","2026-05-16",-1,"2026-05-09","Pediatrics","quantile","0.75",157
"Seasonal Baseline","2026-05-16",-1,"2026-05-09","Pediatrics","quantile","0.8",165
"Seasonal Baseline","2026-05-16",-1,"2026-05-09","Pediatrics","quantile","0.85",176
"Seasonal Baseline","2026-05-16",-1,"2026-05-09","Pediatrics","quantile","0.9",191
"Seasonal Baseline","2026-05-16",-1,"2026-05-09","Pediatrics","quantile","0.95",215
"Seasonal Baseline","2026-05-16",-1,"2026-05-09","Pediatrics","quantile","0.975",241
"Seasonal Baseline","2026-05-16",-1,"2026-05-09","Pediatrics","quantile","0.99",273
"Seasonal Baseline","2026-05-16",0,"2026-05-16","Pediatrics","quantile","0.01",63
"Seasonal Baseline","2026-05-16",0,"2026-05-16","Pediatrics","quantile","0.025",72
"Seasonal Baseline","2026-05-16",0,"2026-05-16","Pediatrics","quantile","0.05",80
"Seasonal Baseline","2026-05-16",0,"2026-05-16","Pediatrics","quantile","0.1",90
"Seasonal Baseline","2026-05-16",0,"2026-05-16","Pediatrics","quantile","0.15",98
"Seasonal Baseline","2026-05-16",0,"2026-05-16","Pediatrics","quantile","0.2",104
"Seasonal Baseline","2026-05-16",0,"2026-05-16","Pediatrics","quantile","0.25",111
"Seasonal Baseline","2026-05-16",0,"2026-05-16","Pediatrics","quantile","0.3",117
"Seasonal Baseline","2026-05-16",0,"2026-05-16","Pediatrics","quantile","0.35",122
"Seasonal Baseline","2026-05-16",0,"2026-05-16","Pediatrics","quantile","0.4",128
"Seasonal Baseline","2026-05-16",0,"2026-05-16","Pediatrics","quantile","0.45",133
"Seasonal Baseline","2026-05-16",0,"2026-05-16","Pediatrics","quantile","0.5",139
"Seasonal Baseline","2026-05-16",0,"2026-05-16","Pediatrics","quantile","0.55",145
"Seasonal Baseline","2026-05-16",0,"2026-05-16","Pediatrics","quantile","0.6",152
"Seasonal Baseline","2026-05-16",0,"2026-05-16","Pediatrics","quantile","0.65",158
"Seasonal Baseline","2026-05-16",0,"2026-05-16","Pediatrics","quantile","0.7",166
"Seasonal Baseline","2026-05-16",0,"2026-05-16","Pediatrics","quantile","0.75",174
"Seasonal Baseline","2026-05-16",0,"2026-05-16","Pediatrics","quantile","0.8",185
"Seasonal Baseline","2026-05-16",0,"2026-05-16","Pediatrics","quantile","0.85",198
"Seasonal Baseline","2026-05-16",0,"2026-05-16","Pediatrics","quantile","0.9",214
"Seasonal Baseline","2026-05-16",0,"2026-05-16","Pediatrics","quantile","0.95",242
"Seasonal Baseline","2026-05-16",0,"2026-05-16","Pediatrics","quantile","0.975",270
"Seasonal Baseline","2026-05-16",0,"2026-05-16","Pediatrics","quantile","0.99",302
"Seasonal Baseline","2026-05-16",1,"2026-05-23","Pediatrics","quantile","0.01",72
"Seasonal Baseline","2026-05-16",1,"2026-05-23","Pediatrics","quantile","0.025",80
"Seasonal Baseline","2026-05-16",1,"2026-05-23","Pediatrics","quantile","0.05",90
"Seasonal Baseline","2026-05-16",1,"2026-05-23","Pediatrics","quantile","0.1",101
"Seasonal Baseline","2026-05-16",1,"2026-05-23","Pediatrics","quantile","0.15",109
"Seasonal Baseline","2026-05-16",1,"2026-05-23","Pediatrics","quantile","0.2",116
"Seasonal Baseline","2026-05-16",1,"2026-05-23","Pediatrics","quantile","0.25",123
"Seasonal Baseline","2026-05-16",1,"2026-05-23","Pediatrics","quantile","0.3",129
"Seasonal Baseline","2026-05-16",1,"2026-05-23","Pediatrics","quantile","0.35",136
"Seasonal Baseline","2026-05-16",1,"2026-05-23","Pediatrics","quantile","0.4",142
"Seasonal Baseline","2026-05-16",1,"2026-05-23","Pediatrics","quantile","0.45",149
"Seasonal Baseline","2026-05-16",1,"2026-05-23","Pediatrics","quantile","0.5",155
"Seasonal Baseline","2026-05-16",1,"2026-05-23","Pediatrics","quantile","0.55",161
"Seasonal Baseline","2026-05-16",1,"2026-05-23","Pediatrics","quantile","0.6",168
"Seasonal Baseline","2026-05-16",1,"2026-05-23","Pediatrics","quantile","0.65",176
"Seasonal Baseline","2026-05-16",1,"2026-05-23","Pediatrics","quantile","0.7",184
"Seasonal Baseline","2026-05-16",1,"2026-05-23","Pediatrics","quantile","0.75",193
"Seasonal Baseline","2026-05-16",1,"2026-05-23","Pediatrics","quantile","0.8",204
"Seasonal Baseline","2026-05-16",1,"2026-05-23","Pediatrics","quantile","0.85",218
"Seasonal Baseline","2026-05-16",1,"2026-05-23","Pediatrics","quantile","0.9",237
"Seasonal Baseline","2026-05-16",1,"2026-05-23","Pediatrics","quantile","0.95",269
"Seasonal Baseline","2026-05-16",1,"2026-05-23","Pediatrics","quantile","0.975",298
"Seasonal Baseline","2026-05-16",1,"2026-05-23","Pediatrics","quantile","0.99",341
"Seasonal Baseline","2026-05-16",2,"2026-05-30","Pediatrics","quantile","0.01",75
"Seasonal Baseline","2026-05-16",2,"2026-05-30","Pediatrics","quantile","0.025",86
"Seasonal Baseline","2026-05-16",2,"2026-05-30","Pediatrics","quantile","0.05",96
"Seasonal Baseline","2026-05-16",2,"2026-05-30","Pediatrics","quantile","0.1",109
"Seasonal Baseline","2026-05-16",2,"2026-05-30","Pediatrics","quantile","0.15",118
"Seasonal Baseline","2026-05-16",2,"2026-05-30","Pediatrics","quantile","0.2",125
"Seasonal Baseline","2026-05-16",2,"2026-05-30","Pediatrics","quantile","0.25",133
"Seasonal Baseline","2026-05-16",2,"2026-05-30","Pediatrics","quantile","0.3",139
"Seasonal Baseline","2026-05-16",2,"2026-05-30","Pediatrics","quantile","0.35",146
"Seasonal Baseline","2026-05-16",2,"2026-05-30","Pediatrics","quantile","0.4",153
"Seasonal Baseline","2026-05-16",2,"2026-05-30","Pediatrics","quantile","0.45",159
"Seasonal Baseline","2026-05-16",2,"2026-05-30","Pediatrics","quantile","0.5",166
"Seasonal Baseline","2026-05-16",2,"2026-05-30","Pediatrics","quantile","0.55",173
"Seasonal Baseline","2026-05-16",2,"2026-05-30","Pediatrics","quantile","0.6",181
"Seasonal Baseline","2026-05-16",2,"2026-05-30","Pediatrics","quantile","0.65",188
"Seasonal Baseline","2026-05-16",2,"2026-05-30","Pediatrics","quantile","0.7",197
"Seasonal Baseline","2026-05-16",2,"2026-05-30","Pediatrics","quantile","0.75",207
"Seasonal Baseline","2026-05-16",2,"2026-05-30","Pediatrics","quantile","0.8",219
"Seasonal Baseline","2026-05-16",2,"2026-05-30","Pediatrics","quantile","0.85",236
"Seasonal Baseline","2026-05-16",2,"2026-05-30","Pediatrics","quantile","0.9",256
"Seasonal Baseline","2026-05-16",2,"2026-05-30","Pediatrics","quantile","0.95",287
"Seasonal Baseline","2026-05-16",2,"2026-05-30","Pediatrics","quantile","0.975",317
"Seasonal Baseline","2026-05-16",2,"2026-05-30","Pediatrics","quantile","0.99",361
"Seasonal Baseline","2026-05-16",3,"2026-06-06","Pediatrics","quantile","0.01",80
"Seasonal Baseline","2026-05-16",3,"2026-06-06","Pediatrics","quantile","0.025",91
"Seasonal Baseline","2026-05-16",3,"2026-06-06","Pediatrics","quantile","0.05",101
"Seasonal Baseline","2026-05-16",3,"2026-06-06","Pediatrics","quantile","0.1",114
"Seasonal Baseline","2026-05-16",3,"2026-06-06","Pediatrics","quantile","0.15",124
"Seasonal Baseline","2026-05-16",3,"2026-06-06","Pediatrics","quantile","0.2",132
"Seasonal Baseline","2026-05-16",3,"2026-06-06","Pediatrics","quantile","0.25",140
"Seasonal Baseline","2026-05-16",3,"2026-06-06","Pediatrics","quantile","0.3",147
"Seasonal Baseline","2026-05-16",3,"2026-06-06","Pediatrics","quantile","0.35",154
"Seasonal Baseline","2026-05-16",3,"2026-06-06","Pediatrics","quantile","0.4",161
"Seasonal Baseline","2026-05-16",3,"2026-06-06","Pediatrics","quantile","0.45",168
"Seasonal Baseline","2026-05-16",3,"2026-06-06","Pediatrics","quantile","0.5",175
"Seasonal Baseline","2026-05-16",3,"2026-06-06","Pediatrics","quantile","0.55",183
"Seasonal Baseline","2026-05-16",3,"2026-06-06","Pediatrics","quantile","0.6",191
"Seasonal Baseline","2026-05-16",3,"2026-06-06","Pediatrics","quantile","0.65",199
"Seasonal Baseline","2026-05-16",3,"2026-06-06","Pediatrics","quantile","0.7",209
"Seasonal Baseline","2026-05-16",3,"2026-06-06","Pediatrics","quantile","0.75",219
"Seasonal Baseline","2026-05-16",3,"2026-06-06","Pediatrics","quantile","0.8",232
"Seasonal Baseline","2026-05-16",3,"2026-06-06","Pediatrics","quantile","0.85",247
"Seasonal Baseline","2026-05-16",3,"2026-06-06","Pediatrics","quantile","0.9",267
"Seasonal Baseline","2026-05-16",3,"2026-06-06","Pediatrics","quantile","0.95",300
"Seasonal Baseline","2026-05-16",3,"2026-06-06","Pediatrics","quantile","0.975",333
"Seasonal Baseline","2026-05-16",3,"2026-06-06","Pediatrics","quantile","0.99",383
"Opt Baseline","2026-05-16",-2,"2026-05-02","Adults","quantile","0.01",68
"Opt Baseline","2026-05-16",-2,"2026-05-02","Adults","quantile","0.025",69
"Opt Baseline","2026-05-16",-2,"2026-05-02","Adults","quantile","0.05",69
"Opt Baseline","2026-05-16",-2,"2026-05-02","Adults","quantile","0.1",82
"Opt Baseline","2026-05-16",-2,"2026-05-02","Adults","quantile","0.15",95
"Opt Baseline","2026-05-16",-2,"2026-05-02","Adults","quantile","0.2",95
"Opt Baseline","2026-05-16",-2,"2026-05-02","Adults","quantile","0.25",95
"Opt Baseline","2026-05-16",-2,"2026-05-02","Adults","quantile","0.3",96
"Opt Baseline","2026-05-16",-2,"2026-05-02","Adults","quantile","0.35",97
"Opt Baseline","2026-05-16",-2,"2026-05-02","Adults","quantile","0.4",97
"Opt Baseline","2026-05-16",-2,"2026-05-02","Adults","quantile","0.45",102
"Opt Baseline","2026-05-16",-2,"2026-05-02","Adults","quantile","0.5",105
"Opt Baseline","2026-05-16",-2,"2026-05-02","Adults","quantile","0.55",108
"Opt Baseline","2026-05-16",-2,"2026-05-02","Adults","quantile","0.6",114
"Opt Baseline","2026-05-16",-2,"2026-05-02","Adults","quantile","0.65",114
"Opt Baseline","2026-05-16",-2,"2026-05-02","Adults","quantile","0.7",114
"Opt Baseline","2026-05-16",-2,"2026-05-02","Adults","quantile","0.75",115
"Opt Baseline","2026-05-16",-2,"2026-05-02","Adults","quantile","0.8",115
"Opt Baseline","2026-05-16",-2,"2026-05-02","Adults","quantile","0.85",116
"Opt Baseline","2026-05-16",-2,"2026-05-02","Adults","quantile","0.9",131
"Opt Baseline","2026-05-16",-2,"2026-05-02","Adults","quantile","0.95",148
"Opt Baseline","2026-05-16",-2,"2026-05-02","Adults","quantile","0.975",149
"Opt Baseline","2026-05-16",-2,"2026-05-02","Adults","quantile","0.99",149
"Opt Baseline","2026-05-16",-1,"2026-05-09","Adults","quantile","0.01",51
"Opt Baseline","2026-05-16",-1,"2026-05-09","Adults","quantile","0.025",61
"Opt Baseline","2026-05-16",-1,"2026-05-09","Adults","quantile","0.05",63
"Opt Baseline","2026-05-16",-1,"2026-05-09","Adults","quantile","0.1",74
"Opt Baseline","2026-05-16",-1,"2026-05-09","Adults","quantile","0.15",78
"Opt Baseline","2026-05-16",-1,"2026-05-09","Adults","quantile","0.2",86
"Opt Baseline","2026-05-16",-1,"2026-05-09","Adults","quantile","0.25",88
"Opt Baseline","2026-05-16",-1,"2026-05-09","Adults","quantile","0.3",93
"Opt Baseline","2026-05-16",-1,"2026-05-09","Adults","quantile","0.35",96
"Opt Baseline","2026-05-16",-1,"2026-05-09","Adults","quantile","0.4",102
"Opt Baseline","2026-05-16",-1,"2026-05-09","Adults","quantile","0.45",104
"Opt Baseline","2026-05-16",-1,"2026-05-09","Adults","quantile","0.5",105
"Opt Baseline","2026-05-16",-1,"2026-05-09","Adults","quantile","0.55",106
"Opt Baseline","2026-05-16",-1,"2026-05-09","Adults","quantile","0.6",109
"Opt Baseline","2026-05-16",-1,"2026-05-09","Adults","quantile","0.65",114
"Opt Baseline","2026-05-16",-1,"2026-05-09","Adults","quantile","0.7",118
"Opt Baseline","2026-05-16",-1,"2026-05-09","Adults","quantile","0.75",124
"Opt Baseline","2026-05-16",-1,"2026-05-09","Adults","quantile","0.8",126
"Opt Baseline","2026-05-16",-1,"2026-05-09","Adults","quantile","0.85",136
"Opt Baseline","2026-05-16",-1,"2026-05-09","Adults","quantile","0.9",142
"Opt Baseline","2026-05-16",-1,"2026-05-09","Adults","quantile","0.95",158
"Opt Baseline","2026-05-16",-1,"2026-05-09","Adults","quantile","0.975",161
"Opt Baseline","2026-05-16",-1,"2026-05-09","Adults","quantile","0.99",179
"Opt Baseline","2026-05-16",0,"2026-05-16","Adults","quantile","0.01",40
"Opt Baseline","2026-05-16",0,"2026-05-16","Adults","quantile","0.025",53
"Opt Baseline","2026-05-16",0,"2026-05-16","Adults","quantile","0.05",58
"Opt Baseline","2026-05-16",0,"2026-05-16","Adults","quantile","0.1",69
"Opt Baseline","2026-05-16",0,"2026-05-16","Adults","quantile","0.15",75
"Opt Baseline","2026-05-16",0,"2026-05-16","Adults","quantile","0.2",80
"Opt Baseline","2026-05-16",0,"2026-05-16","Adults","quantile","0.25",85
"Opt Baseline","2026-05-16",0,"2026-05-16","Adults","quantile","0.3",90
"Opt Baseline","2026-05-16",0,"2026-05-16","Adults","quantile","0.35",95
"Opt Baseline","2026-05-16",0,"2026-05-16","Adults","quantile","0.4",97
"Opt Baseline","2026-05-16",0,"2026-05-16","Adults","quantile","0.45",101
"Opt Baseline","2026-05-16",0,"2026-05-16","Adults","quantile","0.5",105
"Opt Baseline","2026-05-16",0,"2026-05-16","Adults","quantile","0.55",110
"Opt Baseline","2026-05-16",0,"2026-05-16","Adults","quantile","0.6",114
"Opt Baseline","2026-05-16",0,"2026-05-16","Adults","quantile","0.65",116
"Opt Baseline","2026-05-16",0,"2026-05-16","Adults","quantile","0.7",122
"Opt Baseline","2026-05-16",0,"2026-05-16","Adults","quantile","0.75",127
"Opt Baseline","2026-05-16",0,"2026-05-16","Adults","quantile","0.8",134
"Opt Baseline","2026-05-16",0,"2026-05-16","Adults","quantile","0.85",141
"Opt Baseline","2026-05-16",0,"2026-05-16","Adults","quantile","0.9",150
"Opt Baseline","2026-05-16",0,"2026-05-16","Adults","quantile","0.95",168
"Opt Baseline","2026-05-16",0,"2026-05-16","Adults","quantile","0.975",178
"Opt Baseline","2026-05-16",0,"2026-05-16","Adults","quantile","0.99",200
"Opt Baseline","2026-05-16",1,"2026-05-23","Adults","quantile","0.01",35
"Opt Baseline","2026-05-16",1,"2026-05-23","Adults","quantile","0.025",43
"Opt Baseline","2026-05-16",1,"2026-05-23","Adults","quantile","0.05",52
"Opt Baseline","2026-05-16",1,"2026-05-23","Adults","quantile","0.1",62
"Opt Baseline","2026-05-16",1,"2026-05-23","Adults","quantile","0.15",70
"Opt Baseline","2026-05-16",1,"2026-05-23","Adults","quantile","0.2",77
"Opt Baseline","2026-05-16",1,"2026-05-23","Adults","quantile","0.25",82
"Opt Baseline","2026-05-16",1,"2026-05-23","Adults","quantile","0.3",87
"Opt Baseline","2026-05-16",1,"2026-05-23","Adults","quantile","0.35",92
"Opt Baseline","2026-05-16",1,"2026-05-23","Adults","quantile","0.4",96
"Opt Baseline","2026-05-16",1,"2026-05-23","Adults","quantile","0.45",101
"Opt Baseline","2026-05-16",1,"2026-05-23","Adults","quantile","0.5",105
"Opt Baseline","2026-05-16",1,"2026-05-23","Adults","quantile","0.55",109
"Opt Baseline","2026-05-16",1,"2026-05-23","Adults","quantile","0.6",114
"Opt Baseline","2026-05-16",1,"2026-05-23","Adults","quantile","0.65",120
"Opt Baseline","2026-05-16",1,"2026-05-23","Adults","quantile","0.7",125
"Opt Baseline","2026-05-16",1,"2026-05-23","Adults","quantile","0.75",131
"Opt Baseline","2026-05-16",1,"2026-05-23","Adults","quantile","0.8",138
"Opt Baseline","2026-05-16",1,"2026-05-23","Adults","quantile","0.85",147
"Opt Baseline","2026-05-16",1,"2026-05-23","Adults","quantile","0.9",160
"Opt Baseline","2026-05-16",1,"2026-05-23","Adults","quantile","0.95",175
"Opt Baseline","2026-05-16",1,"2026-05-23","Adults","quantile","0.975",194
"Opt Baseline","2026-05-16",1,"2026-05-23","Adults","quantile","0.99",213
"Opt Baseline","2026-05-16",2,"2026-05-30","Adults","quantile","0.01",29
"Opt Baseline","2026-05-16",2,"2026-05-30","Adults","quantile","0.025",39
"Opt Baseline","2026-05-16",2,"2026-05-30","Adults","quantile","0.05",48
"Opt Baseline","2026-05-16",2,"2026-05-30","Adults","quantile","0.1",58
"Opt Baseline","2026-05-16",2,"2026-05-30","Adults","quantile","0.15",67
"Opt Baseline","2026-05-16",2,"2026-05-30","Adults","quantile","0.2",73
"Opt Baseline","2026-05-16",2,"2026-05-30","Adults","quantile","0.25",79
"Opt Baseline","2026-05-16",2,"2026-05-30","Adults","quantile","0.3",85
"Opt Baseline","2026-05-16",2,"2026-05-30","Adults","quantile","0.35",90
"Opt Baseline","2026-05-16",2,"2026-05-30","Adults","quantile","0.4",96
"Opt Baseline","2026-05-16",2,"2026-05-30","Adults","quantile","0.45",100
"Opt Baseline","2026-05-16",2,"2026-05-30","Adults","quantile","0.5",105
"Opt Baseline","2026-05-16",2,"2026-05-30","Adults","quantile","0.55",110
"Opt Baseline","2026-05-16",2,"2026-05-30","Adults","quantile","0.6",115
"Opt Baseline","2026-05-16",2,"2026-05-30","Adults","quantile","0.65",121
"Opt Baseline","2026-05-16",2,"2026-05-30","Adults","quantile","0.7",127
"Opt Baseline","2026-05-16",2,"2026-05-30","Adults","quantile","0.75",134
"Opt Baseline","2026-05-16",2,"2026-05-30","Adults","quantile","0.8",143
"Opt Baseline","2026-05-16",2,"2026-05-30","Adults","quantile","0.85",153
"Opt Baseline","2026-05-16",2,"2026-05-30","Adults","quantile","0.9",166
"Opt Baseline","2026-05-16",2,"2026-05-30","Adults","quantile","0.95",185
"Opt Baseline","2026-05-16",2,"2026-05-30","Adults","quantile","0.975",204
"Opt Baseline","2026-05-16",2,"2026-05-30","Adults","quantile","0.99",228
"Opt Baseline","2026-05-16",3,"2026-06-06","Adults","quantile","0.01",25
"Opt Baseline","2026-05-16",3,"2026-06-06","Adults","quantile","0.025",34
"Opt Baseline","2026-05-16",3,"2026-06-06","Adults","quantile","0.05",43
"Opt Baseline","2026-05-16",3,"2026-06-06","Adults","quantile","0.1",55
"Opt Baseline","2026-05-16",3,"2026-06-06","Adults","quantile","0.15",64
"Opt Baseline","2026-05-16",3,"2026-06-06","Adults","quantile","0.2",71
"Opt Baseline","2026-05-16",3,"2026-06-06","Adults","quantile","0.25",78
"Opt Baseline","2026-05-16",3,"2026-06-06","Adults","quantile","0.3",83
"Opt Baseline","2026-05-16",3,"2026-06-06","Adults","quantile","0.35",89
"Opt Baseline","2026-05-16",3,"2026-06-06","Adults","quantile","0.4",94
"Opt Baseline","2026-05-16",3,"2026-06-06","Adults","quantile","0.45",100
"Opt Baseline","2026-05-16",3,"2026-06-06","Adults","quantile","0.5",105
"Opt Baseline","2026-05-16",3,"2026-06-06","Adults","quantile","0.55",111
"Opt Baseline","2026-05-16",3,"2026-06-06","Adults","quantile","0.6",117
"Opt Baseline","2026-05-16",3,"2026-06-06","Adults","quantile","0.65",124
"Opt Baseline","2026-05-16",3,"2026-06-06","Adults","quantile","0.7",130
"Opt Baseline","2026-05-16",3,"2026-06-06","Adults","quantile","0.75",138
"Opt Baseline","2026-05-16",3,"2026-06-06","Adults","quantile","0.8",147
"Opt Baseline","2026-05-16",3,"2026-06-06","Adults","quantile","0.85",158
"Opt Baseline","2026-05-16",3,"2026-06-06","Adults","quantile","0.9",171
"Opt Baseline","2026-05-16",3,"2026-06-06","Adults","quantile","0.95",193
"Opt Baseline","2026-05-16",3,"2026-06-06","Adults","quantile","0.975",214
"Opt Baseline","2026-05-16",3,"2026-06-06","Adults","quantile","0.99",241
"Opt Baseline","2026-05-16",-2,"2026-05-02","Overall","quantile","0.01",140
"Opt Baseline","2026-05-16",-2,"2026-05-02","Overall","quantile","0.025",141
"Opt Baseline","2026-05-16",-2,"2026-05-02","Overall","quantile","0.05",143
"Opt Baseline","2026-05-16",-2,"2026-05-02","Overall","quantile","0.1",146
"Opt Baseline","2026-05-16",-2,"2026-05-02","Overall","quantile","0.15",148
"Opt Baseline","2026-05-16",-2,"2026-05-02","Overall","quantile","0.2",148
"Opt Baseline","2026-05-16",-2,"2026-05-02","Overall","quantile","0.25",158
"Opt Baseline","2026-05-16",-2,"2026-05-02","Overall","quantile","0.3",165
"Opt Baseline","2026-05-16",-2,"2026-05-02","Overall","quantile","0.35",172
"Opt Baseline","2026-05-16",-2,"2026-05-02","Overall","quantile","0.4",179
"Opt Baseline","2026-05-16",-2,"2026-05-02","Overall","quantile","0.45",185
"Opt Baseline","2026-05-16",-2,"2026-05-02","Overall","quantile","0.5",190
"Opt Baseline","2026-05-16",-2,"2026-05-02","Overall","quantile","0.55",195
"Opt Baseline","2026-05-16",-2,"2026-05-02","Overall","quantile","0.6",201
"Opt Baseline","2026-05-16",-2,"2026-05-02","Overall","quantile","0.65",209
"Opt Baseline","2026-05-16",-2,"2026-05-02","Overall","quantile","0.7",216
"Opt Baseline","2026-05-16",-2,"2026-05-02","Overall","quantile","0.75",225
"Opt Baseline","2026-05-16",-2,"2026-05-02","Overall","quantile","0.8",237
"Opt Baseline","2026-05-16",-2,"2026-05-02","Overall","quantile","0.85",237
"Opt Baseline","2026-05-16",-2,"2026-05-02","Overall","quantile","0.9",239
"Opt Baseline","2026-05-16",-2,"2026-05-02","Overall","quantile","0.95",243
"Opt Baseline","2026-05-16",-2,"2026-05-02","Overall","quantile","0.975",246
"Opt Baseline","2026-05-16",-2,"2026-05-02","Overall","quantile","0.99",248
"Opt Baseline","2026-05-16",-1,"2026-05-09","Overall","quantile","0.01",104
"Opt Baseline","2026-05-16",-1,"2026-05-09","Overall","quantile","0.025",108
"Opt Baseline","2026-05-16",-1,"2026-05-09","Overall","quantile","0.05",114
"Opt Baseline","2026-05-16",-1,"2026-05-09","Overall","quantile","0.1",128
"Opt Baseline","2026-05-16",-1,"2026-05-09","Overall","quantile","0.15",138
"Opt Baseline","2026-05-16",-1,"2026-05-09","Overall","quantile","0.2",147
"Opt Baseline","2026-05-16",-1,"2026-05-09","Overall","quantile","0.25",154
"Opt Baseline","2026-05-16",-1,"2026-05-09","Overall","quantile","0.3",163
"Opt Baseline","2026-05-16",-1,"2026-05-09","Overall","quantile","0.35",170
"Opt Baseline","2026-05-16",-1,"2026-05-09","Overall","quantile","0.4",178
"Opt Baseline","2026-05-16",-1,"2026-05-09","Overall","quantile","0.45",185
"Opt Baseline","2026-05-16",-1,"2026-05-09","Overall","quantile","0.5",190
"Opt Baseline","2026-05-16",-1,"2026-05-09","Overall","quantile","0.55",195
"Opt Baseline","2026-05-16",-1,"2026-05-09","Overall","quantile","0.6",202
"Opt Baseline","2026-05-16",-1,"2026-05-09","Overall","quantile","0.65",211
"Opt Baseline","2026-05-16",-1,"2026-05-09","Overall","quantile","0.7",219
"Opt Baseline","2026-05-16",-1,"2026-05-09","Overall","quantile","0.75",229
"Opt Baseline","2026-05-16",-1,"2026-05-09","Overall","quantile","0.8",239
"Opt Baseline","2026-05-16",-1,"2026-05-09","Overall","quantile","0.85",249
"Opt Baseline","2026-05-16",-1,"2026-05-09","Overall","quantile","0.9",264
"Opt Baseline","2026-05-16",-1,"2026-05-09","Overall","quantile","0.95",287
"Opt Baseline","2026-05-16",-1,"2026-05-09","Overall","quantile","0.975",295
"Opt Baseline","2026-05-16",-1,"2026-05-09","Overall","quantile","0.99",301
"Opt Baseline","2026-05-16",0,"2026-05-16","Overall","quantile","0.01",81
"Opt Baseline","2026-05-16",0,"2026-05-16","Overall","quantile","0.025",91
"Opt Baseline","2026-05-16",0,"2026-05-16","Overall","quantile","0.05",104
"Opt Baseline","2026-05-16",0,"2026-05-16","Overall","quantile","0.1",118
"Opt Baseline","2026-05-16",0,"2026-05-16","Overall","quantile","0.15",130
"Opt Baseline","2026-05-16",0,"2026-05-16","Overall","quantile","0.2",141
"Opt Baseline","2026-05-16",0,"2026-05-16","Overall","quantile","0.25",149
"Opt Baseline","2026-05-16",0,"2026-05-16","Overall","quantile","0.3",157
"Opt Baseline","2026-05-16",0,"2026-05-16","Overall","quantile","0.35",166
"Opt Baseline","2026-05-16",0,"2026-05-16","Overall","quantile","0.4",174
"Opt Baseline","2026-05-16",0,"2026-05-16","Overall","quantile","0.45",182
"Opt Baseline","2026-05-16",0,"2026-05-16","Overall","quantile","0.5",190
"Opt Baseline","2026-05-16",0,"2026-05-16","Overall","quantile","0.55",198
"Opt Baseline","2026-05-16",0,"2026-05-16","Overall","quantile","0.6",206
"Opt Baseline","2026-05-16",0,"2026-05-16","Overall","quantile","0.65",216
"Opt Baseline","2026-05-16",0,"2026-05-16","Overall","quantile","0.7",226
"Opt Baseline","2026-05-16",0,"2026-05-16","Overall","quantile","0.75",236
"Opt Baseline","2026-05-16",0,"2026-05-16","Overall","quantile","0.8",246
"Opt Baseline","2026-05-16",0,"2026-05-16","Overall","quantile","0.85",260
"Opt Baseline","2026-05-16",0,"2026-05-16","Overall","quantile","0.9",279
"Opt Baseline","2026-05-16",0,"2026-05-16","Overall","quantile","0.95",305
"Opt Baseline","2026-05-16",0,"2026-05-16","Overall","quantile","0.975",326
"Opt Baseline","2026-05-16",0,"2026-05-16","Overall","quantile","0.99",348
"Opt Baseline","2026-05-16",1,"2026-05-23","Overall","quantile","0.01",64
"Opt Baseline","2026-05-16",1,"2026-05-23","Overall","quantile","0.025",78
"Opt Baseline","2026-05-16",1,"2026-05-23","Overall","quantile","0.05",91
"Opt Baseline","2026-05-16",1,"2026-05-23","Overall","quantile","0.1",110
"Opt Baseline","2026-05-16",1,"2026-05-23","Overall","quantile","0.15",123
"Opt Baseline","2026-05-16",1,"2026-05-23","Overall","quantile","0.2",134
"Opt Baseline","2026-05-16",1,"2026-05-23","Overall","quantile","0.25",144
"Opt Baseline","2026-05-16",1,"2026-05-23","Overall","quantile","0.3",154
"Opt Baseline","2026-05-16",1,"2026-05-23","Overall","quantile","0.35",163
"Opt Baseline","2026-05-16",1,"2026-05-23","Overall","quantile","0.4",172
"Opt Baseline","2026-05-16",1,"2026-05-23","Overall","quantile","0.45",182
"Opt Baseline","2026-05-16",1,"2026-05-23","Overall","quantile","0.5",190
"Opt Baseline","2026-05-16",1,"2026-05-23","Overall","quantile","0.55",199
"Opt Baseline","2026-05-16",1,"2026-05-23","Overall","quantile","0.6",209
"Opt Baseline","2026-05-16",1,"2026-05-23","Overall","quantile","0.65",219
"Opt Baseline","2026-05-16",1,"2026-05-23","Overall","quantile","0.7",231
"Opt Baseline","2026-05-16",1,"2026-05-23","Overall","quantile","0.75",243
"Opt Baseline","2026-05-16",1,"2026-05-23","Overall","quantile","0.8",258
"Opt Baseline","2026-05-16",1,"2026-05-23","Overall","quantile","0.85",273
"Opt Baseline","2026-05-16",1,"2026-05-23","Overall","quantile","0.9",293
"Opt Baseline","2026-05-16",1,"2026-05-23","Overall","quantile","0.95",324
"Opt Baseline","2026-05-16",1,"2026-05-23","Overall","quantile","0.975",350
"Opt Baseline","2026-05-16",1,"2026-05-23","Overall","quantile","0.99",379
"Opt Baseline","2026-05-16",2,"2026-05-30","Overall","quantile","0.01",52
"Opt Baseline","2026-05-16",2,"2026-05-30","Overall","quantile","0.025",68
"Opt Baseline","2026-05-16",2,"2026-05-30","Overall","quantile","0.05",82
"Opt Baseline","2026-05-16",2,"2026-05-30","Overall","quantile","0.1",100
"Opt Baseline","2026-05-16",2,"2026-05-30","Overall","quantile","0.15",115
"Opt Baseline","2026-05-16",2,"2026-05-30","Overall","quantile","0.2",127
"Opt Baseline","2026-05-16",2,"2026-05-30","Overall","quantile","0.25",139
"Opt Baseline","2026-05-16",2,"2026-05-30","Overall","quantile","0.3",150
"Opt Baseline","2026-05-16",2,"2026-05-30","Overall","quantile","0.35",159
"Opt Baseline","2026-05-16",2,"2026-05-30","Overall","quantile","0.4",170
"Opt Baseline","2026-05-16",2,"2026-05-30","Overall","quantile","0.45",180
"Opt Baseline","2026-05-16",2,"2026-05-30","Overall","quantile","0.5",190
"Opt Baseline","2026-05-16",2,"2026-05-30","Overall","quantile","0.55",201
"Opt Baseline","2026-05-16",2,"2026-05-30","Overall","quantile","0.6",212
"Opt Baseline","2026-05-16",2,"2026-05-30","Overall","quantile","0.65",224
"Opt Baseline","2026-05-16",2,"2026-05-30","Overall","quantile","0.7",235
"Opt Baseline","2026-05-16",2,"2026-05-30","Overall","quantile","0.75",249
"Opt Baseline","2026-05-16",2,"2026-05-30","Overall","quantile","0.8",263
"Opt Baseline","2026-05-16",2,"2026-05-30","Overall","quantile","0.85",282
"Opt Baseline","2026-05-16",2,"2026-05-30","Overall","quantile","0.9",307
"Opt Baseline","2026-05-16",2,"2026-05-30","Overall","quantile","0.95",343
"Opt Baseline","2026-05-16",2,"2026-05-30","Overall","quantile","0.975",372
"Opt Baseline","2026-05-16",2,"2026-05-30","Overall","quantile","0.99",406
"Opt Baseline","2026-05-16",3,"2026-06-06","Overall","quantile","0.01",46
"Opt Baseline","2026-05-16",3,"2026-06-06","Overall","quantile","0.025",58
"Opt Baseline","2026-05-16",3,"2026-06-06","Overall","quantile","0.05",74
"Opt Baseline","2026-05-16",3,"2026-06-06","Overall","quantile","0.1",94
"Opt Baseline","2026-05-16",3,"2026-06-06","Overall","quantile","0.15",110
"Opt Baseline","2026-05-16",3,"2026-06-06","Overall","quantile","0.2",123
"Opt Baseline","2026-05-16",3,"2026-06-06","Overall","quantile","0.25",134
"Opt Baseline","2026-05-16",3,"2026-06-06","Overall","quantile","0.3",146
"Opt Baseline","2026-05-16",3,"2026-06-06","Overall","quantile","0.35",158
"Opt Baseline","2026-05-16",3,"2026-06-06","Overall","quantile","0.4",169
"Opt Baseline","2026-05-16",3,"2026-06-06","Overall","quantile","0.45",179
"Opt Baseline","2026-05-16",3,"2026-06-06","Overall","quantile","0.5",190
"Opt Baseline","2026-05-16",3,"2026-06-06","Overall","quantile","0.55",202
"Opt Baseline","2026-05-16",3,"2026-06-06","Overall","quantile","0.6",214
"Opt Baseline","2026-05-16",3,"2026-06-06","Overall","quantile","0.65",227
"Opt Baseline","2026-05-16",3,"2026-06-06","Overall","quantile","0.7",241
"Opt Baseline","2026-05-16",3,"2026-06-06","Overall","quantile","0.75",256
"Opt Baseline","2026-05-16",3,"2026-06-06","Overall","quantile","0.8",274
"Opt Baseline","2026-05-16",3,"2026-06-06","Overall","quantile","0.85",295
"Opt Baseline","2026-05-16",3,"2026-06-06","Overall","quantile","0.9",319
"Opt Baseline","2026-05-16",3,"2026-06-06","Overall","quantile","0.95",359
"Opt Baseline","2026-05-16",3,"2026-06-06","Overall","quantile","0.975",397
"Opt Baseline","2026-05-16",3,"2026-06-06","Overall","quantile","0.99",440
"Opt Baseline","2026-05-16",-2,"2026-05-02","Pediatrics","quantile","0.01",40
"Opt Baseline","2026-05-16",-2,"2026-05-02","Pediatrics","quantile","0.025",41
"Opt Baseline","2026-05-16",-2,"2026-05-02","Pediatrics","quantile","0.05",42
"Opt Baseline","2026-05-16",-2,"2026-05-02","Pediatrics","quantile","0.1",47
"Opt Baseline","2026-05-16",-2,"2026-05-02","Pediatrics","quantile","0.15",56
"Opt Baseline","2026-05-16",-2,"2026-05-02","Pediatrics","quantile","0.2",72
"Opt Baseline","2026-05-16",-2,"2026-05-02","Pediatrics","quantile","0.25",74
"Opt Baseline","2026-05-16",-2,"2026-05-02","Pediatrics","quantile","0.3",78
"Opt Baseline","2026-05-16",-2,"2026-05-02","Pediatrics","quantile","0.35",82
"Opt Baseline","2026-05-16",-2,"2026-05-02","Pediatrics","quantile","0.4",83
"Opt Baseline","2026-05-16",-2,"2026-05-02","Pediatrics","quantile","0.45",84
"Opt Baseline","2026-05-16",-2,"2026-05-02","Pediatrics","quantile","0.5",85
"Opt Baseline","2026-05-16",-2,"2026-05-02","Pediatrics","quantile","0.55",86
"Opt Baseline","2026-05-16",-2,"2026-05-02","Pediatrics","quantile","0.6",87
"Opt Baseline","2026-05-16",-2,"2026-05-02","Pediatrics","quantile","0.65",89
"Opt Baseline","2026-05-16",-2,"2026-05-02","Pediatrics","quantile","0.7",92
"Opt Baseline","2026-05-16",-2,"2026-05-02","Pediatrics","quantile","0.75",97
"Opt Baseline","2026-05-16",-2,"2026-05-02","Pediatrics","quantile","0.8",99
"Opt Baseline","2026-05-16",-2,"2026-05-02","Pediatrics","quantile","0.85",121
"Opt Baseline","2026-05-16",-2,"2026-05-02","Pediatrics","quantile","0.9",135
"Opt Baseline","2026-05-16",-2,"2026-05-02","Pediatrics","quantile","0.95",143
"Opt Baseline","2026-05-16",-2,"2026-05-02","Pediatrics","quantile","0.975",145
"Opt Baseline","2026-05-16",-2,"2026-05-02","Pediatrics","quantile","0.99",146
"Opt Baseline","2026-05-16",-1,"2026-05-09","Pediatrics","quantile","0.01",16
"Opt Baseline","2026-05-16",-1,"2026-05-09","Pediatrics","quantile","0.025",25
"Opt Baseline","2026-05-16",-1,"2026-05-09","Pediatrics","quantile","0.05",36
"Opt Baseline","2026-05-16",-1,"2026-05-09","Pediatrics","quantile","0.1",41
"Opt Baseline","2026-05-16",-1,"2026-05-09","Pediatrics","quantile","0.15",46
"Opt Baseline","2026-05-16",-1,"2026-05-09","Pediatrics","quantile","0.2",52
"Opt Baseline","2026-05-16",-1,"2026-05-09","Pediatrics","quantile","0.25",62
"Opt Baseline","2026-05-16",-1,"2026-05-09","Pediatrics","quantile","0.3",70
"Opt Baseline","2026-05-16",-1,"2026-05-09","Pediatrics","quantile","0.35",74
"Opt Baseline","2026-05-16",-1,"2026-05-09","Pediatrics","quantile","0.4",79
"Opt Baseline","2026-05-16",-1,"2026-05-09","Pediatrics","quantile","0.45",82
"Opt Baseline","2026-05-16",-1,"2026-05-09","Pediatrics","quantile","0.5",85
"Opt Baseline","2026-05-16",-1,"2026-05-09","Pediatrics","quantile","0.55",88
"Opt Baseline","2026-05-16",-1,"2026-05-09","Pediatrics","quantile","0.6",91
"Opt Baseline","2026-05-16",-1,"2026-05-09","Pediatrics","quantile","0.65",96
"Opt Baseline","2026-05-16",-1,"2026-05-09","Pediatrics","quantile","0.7",101
"Opt Baseline","2026-05-16",-1,"2026-05-09","Pediatrics","quantile","0.75",111
"Opt Baseline","2026-05-16",-1,"2026-05-09","Pediatrics","quantile","0.8",125
"Opt Baseline","2026-05-16",-1,"2026-05-09","Pediatrics","quantile","0.85",134
"Opt Baseline","2026-05-16",-1,"2026-05-09","Pediatrics","quantile","0.9",142
"Opt Baseline","2026-05-16",-1,"2026-05-09","Pediatrics","quantile","0.95",154
"Opt Baseline","2026-05-16",-1,"2026-05-09","Pediatrics","quantile","0.975",180
"Opt Baseline","2026-05-16",-1,"2026-05-09","Pediatrics","quantile","0.99",205
"Opt Baseline","2026-05-16",0,"2026-05-16","Pediatrics","quantile","0.01",11
"Opt Baseline","2026-05-16",0,"2026-05-16","Pediatrics","quantile","0.025",16
"Opt Baseline","2026-05-16",0,"2026-05-16","Pediatrics","quantile","0.05",24
"Opt Baseline","2026-05-16",0,"2026-05-16","Pediatrics","quantile","0.1",36
"Opt Baseline","2026-05-16",0,"2026-05-16","Pediatrics","quantile","0.15",42
"Opt Baseline","2026-05-16",0,"2026-05-16","Pediatrics","quantile","0.2",48
"Opt Baseline","2026-05-16",0,"2026-05-16","Pediatrics","quantile","0.25",54
"Opt Baseline","2026-05-16",0,"2026-05-16","Pediatrics","quantile","0.3",61
"Opt Baseline","2026-05-16",0,"2026-05-16","Pediatrics","quantile","0.35",69
"Opt Baseline","2026-05-16",0,"2026-05-16","Pediatrics","quantile","0.4",75
"Opt Baseline","2026-05-16",0,"2026-05-16","Pediatrics","quantile","0.45",80
"Opt Baseline","2026-05-16",0,"2026-05-16","Pediatrics","quantile","0.5",85
"Opt Baseline","2026-05-16",0,"2026-05-16","Pediatrics","quantile","0.55",90
"Opt Baseline","2026-05-16",0,"2026-05-16","Pediatrics","quantile","0.6",95
"Opt Baseline","2026-05-16",0,"2026-05-16","Pediatrics","quantile","0.65",102
"Opt Baseline","2026-05-16",0,"2026-05-16","Pediatrics","quantile","0.7",112
"Opt Baseline","2026-05-16",0,"2026-05-16","Pediatrics","quantile","0.75",122
"Opt Baseline","2026-05-16",0,"2026-05-16","Pediatrics","quantile","0.8",132
"Opt Baseline","2026-05-16",0,"2026-05-16","Pediatrics","quantile","0.85",142
"Opt Baseline","2026-05-16",0,"2026-05-16","Pediatrics","quantile","0.9",154
"Opt Baseline","2026-05-16",0,"2026-05-16","Pediatrics","quantile","0.95",185
"Opt Baseline","2026-05-16",0,"2026-05-16","Pediatrics","quantile","0.975",207
"Opt Baseline","2026-05-16",0,"2026-05-16","Pediatrics","quantile","0.99",225
"Opt Baseline","2026-05-16",1,"2026-05-23","Pediatrics","quantile","0.01",5
"Opt Baseline","2026-05-16",1,"2026-05-23","Pediatrics","quantile","0.025",11
"Opt Baseline","2026-05-16",1,"2026-05-23","Pediatrics","quantile","0.05",18
"Opt Baseline","2026-05-16",1,"2026-05-23","Pediatrics","quantile","0.1",30
"Opt Baseline","2026-05-16",1,"2026-05-23","Pediatrics","quantile","0.15",38
"Opt Baseline","2026-05-16",1,"2026-05-23","Pediatrics","quantile","0.2",44
"Opt Baseline","2026-05-16",1,"2026-05-23","Pediatrics","quantile","0.25",51
"Opt Baseline","2026-05-16",1,"2026-05-23","Pediatrics","quantile","0.3",58
"Opt Baseline","2026-05-16",1,"2026-05-23","Pediatrics","quantile","0.35",66
"Opt Baseline","2026-05-16",1,"2026-05-23","Pediatrics","quantile","0.4",73
"Opt Baseline","2026-05-16",1,"2026-05-23","Pediatrics","quantile","0.45",79
"Opt Baseline","2026-05-16",1,"2026-05-23","Pediatrics","quantile","0.5",85
"Opt Baseline","2026-05-16",1,"2026-05-23","Pediatrics","quantile","0.55",91
"Opt Baseline","2026-05-16",1,"2026-05-23","Pediatrics","quantile","0.6",98
"Opt Baseline","2026-05-16",1,"2026-05-23","Pediatrics","quantile","0.65",107
"Opt Baseline","2026-05-16",1,"2026-05-23","Pediatrics","quantile","0.7",117
"Opt Baseline","2026-05-16",1,"2026-05-23","Pediatrics","quantile","0.75",128
"Opt Baseline","2026-05-16",1,"2026-05-23","Pediatrics","quantile","0.8",138
"Opt Baseline","2026-05-16",1,"2026-05-23","Pediatrics","quantile","0.85",151
"Opt Baseline","2026-05-16",1,"2026-05-23","Pediatrics","quantile","0.9",169
"Opt Baseline","2026-05-16",1,"2026-05-23","Pediatrics","quantile","0.95",203
"Opt Baseline","2026-05-16",1,"2026-05-23","Pediatrics","quantile","0.975",225
"Opt Baseline","2026-05-16",1,"2026-05-23","Pediatrics","quantile","0.99",266
"Opt Baseline","2026-05-16",2,"2026-05-30","Pediatrics","quantile","0.01",2
"Opt Baseline","2026-05-16",2,"2026-05-30","Pediatrics","quantile","0.025",8
"Opt Baseline","2026-05-16",2,"2026-05-30","Pediatrics","quantile","0.05",14
"Opt Baseline","2026-05-16",2,"2026-05-30","Pediatrics","quantile","0.1",24
"Opt Baseline","2026-05-16",2,"2026-05-30","Pediatrics","quantile","0.15",34
"Opt Baseline","2026-05-16",2,"2026-05-30","Pediatrics","quantile","0.2",41
"Opt Baseline","2026-05-16",2,"2026-05-30","Pediatrics","quantile","0.25",48
"Opt Baseline","2026-05-16",2,"2026-05-30","Pediatrics","quantile","0.3",55
"Opt Baseline","2026-05-16",2,"2026-05-30","Pediatrics","quantile","0.35",63
"Opt Baseline","2026-05-16",2,"2026-05-30","Pediatrics","quantile","0.4",71
"Opt Baseline","2026-05-16",2,"2026-05-30","Pediatrics","quantile","0.45",78
"Opt Baseline","2026-05-16",2,"2026-05-30","Pediatrics","quantile","0.5",85
"Opt Baseline","2026-05-16",2,"2026-05-30","Pediatrics","quantile","0.55",92
"Opt Baseline","2026-05-16",2,"2026-05-30","Pediatrics","quantile","0.6",101
"Opt Baseline","2026-05-16",2,"2026-05-30","Pediatrics","quantile","0.65",111
"Opt Baseline","2026-05-16",2,"2026-05-30","Pediatrics","quantile","0.7",122
"Opt Baseline","2026-05-16",2,"2026-05-30","Pediatrics","quantile","0.75",133
"Opt Baseline","2026-05-16",2,"2026-05-30","Pediatrics","quantile","0.8",145
"Opt Baseline","2026-05-16",2,"2026-05-30","Pediatrics","quantile","0.85",161
"Opt Baseline","2026-05-16",2,"2026-05-30","Pediatrics","quantile","0.9",183
"Opt Baseline","2026-05-16",2,"2026-05-30","Pediatrics","quantile","0.95",218
"Opt Baseline","2026-05-16",2,"2026-05-30","Pediatrics","quantile","0.975",249
"Opt Baseline","2026-05-16",2,"2026-05-30","Pediatrics","quantile","0.99",290
"Opt Baseline","2026-05-16",3,"2026-06-06","Pediatrics","quantile","0.01",0
"Opt Baseline","2026-05-16",3,"2026-06-06","Pediatrics","quantile","0.025",3
"Opt Baseline","2026-05-16",3,"2026-06-06","Pediatrics","quantile","0.05",9
"Opt Baseline","2026-05-16",3,"2026-06-06","Pediatrics","quantile","0.1",20
"Opt Baseline","2026-05-16",3,"2026-06-06","Pediatrics","quantile","0.15",29
"Opt Baseline","2026-05-16",3,"2026-06-06","Pediatrics","quantile","0.2",38
"Opt Baseline","2026-05-16",3,"2026-06-06","Pediatrics","quantile","0.25",45
"Opt Baseline","2026-05-16",3,"2026-06-06","Pediatrics","quantile","0.3",52
"Opt Baseline","2026-05-16",3,"2026-06-06","Pediatrics","quantile","0.35",60
"Opt Baseline","2026-05-16",3,"2026-06-06","Pediatrics","quantile","0.4",69
"Opt Baseline","2026-05-16",3,"2026-06-06","Pediatrics","quantile","0.45",77
"Opt Baseline","2026-05-16",3,"2026-06-06","Pediatrics","quantile","0.5",85
"Opt Baseline","2026-05-16",3,"2026-06-06","Pediatrics","quantile","0.55",93
"Opt Baseline","2026-05-16",3,"2026-06-06","Pediatrics","quantile","0.6",103
"Opt Baseline","2026-05-16",3,"2026-06-06","Pediatrics","quantile","0.65",113
"Opt Baseline","2026-05-16",3,"2026-06-06","Pediatrics","quantile","0.7",125
"Opt Baseline","2026-05-16",3,"2026-06-06","Pediatrics","quantile","0.75",137
"Opt Baseline","2026-05-16",3,"2026-06-06","Pediatrics","quantile","0.8",151
"Opt Baseline","2026-05-16",3,"2026-06-06","Pediatrics","quantile","0.85",168
"Opt Baseline","2026-05-16",3,"2026-06-06","Pediatrics","quantile","0.9",194
"Opt Baseline","2026-05-16",3,"2026-06-06","Pediatrics","quantile","0.95",233
"Opt Baseline","2026-05-16",3,"2026-06-06","Pediatrics","quantile","0.975",268
"Opt Baseline","2026-05-16",3,"2026-06-06","Pediatrics","quantile","0.99",316
"INFLAenza","2026-05-16",-2,"2026-05-02","Adults","quantile","0.01",79
"INFLAenza","2026-05-16",-2,"2026-05-02","Adults","quantile","0.025",85
"INFLAenza","2026-05-16",-2,"2026-05-02","Adults","quantile","0.05",91
"INFLAenza","2026-05-16",-2,"2026-05-02","Adults","quantile","0.1",98
"INFLAenza","2026-05-16",-2,"2026-05-02","Adults","quantile","0.15",104
"INFLAenza","2026-05-16",-2,"2026-05-02","Adults","quantile","0.2",108
"INFLAenza","2026-05-16",-2,"2026-05-02","Adults","quantile","0.25",112
"INFLAenza","2026-05-16",-2,"2026-05-02","Adults","quantile","0.3",115
"INFLAenza","2026-05-16",-2,"2026-05-02","Adults","quantile","0.35",118
"INFLAenza","2026-05-16",-2,"2026-05-02","Adults","quantile","0.4",121
"INFLAenza","2026-05-16",-2,"2026-05-02","Adults","quantile","0.45",124
"INFLAenza","2026-05-16",-2,"2026-05-02","Adults","quantile","0.5",127
"INFLAenza","2026-05-16",-2,"2026-05-02","Adults","quantile","0.55",130
"INFLAenza","2026-05-16",-2,"2026-05-02","Adults","quantile","0.6",133
"INFLAenza","2026-05-16",-2,"2026-05-02","Adults","quantile","0.65",136
"INFLAenza","2026-05-16",-2,"2026-05-02","Adults","quantile","0.7",140
"INFLAenza","2026-05-16",-2,"2026-05-02","Adults","quantile","0.75",144
"INFLAenza","2026-05-16",-2,"2026-05-02","Adults","quantile","0.8",148
"INFLAenza","2026-05-16",-2,"2026-05-02","Adults","quantile","0.85",153
"INFLAenza","2026-05-16",-2,"2026-05-02","Adults","quantile","0.9",160
"INFLAenza","2026-05-16",-2,"2026-05-02","Adults","quantile","0.95",171
"INFLAenza","2026-05-16",-2,"2026-05-02","Adults","quantile","0.975",180
"INFLAenza","2026-05-16",-2,"2026-05-02","Adults","quantile","0.99",191
"INFLAenza","2026-05-16",-2,"2026-05-02","Overall","quantile","0.01",165
"INFLAenza","2026-05-16",-2,"2026-05-02","Overall","quantile","0.025",174
"INFLAenza","2026-05-16",-2,"2026-05-02","Overall","quantile","0.05",182
"INFLAenza","2026-05-16",-2,"2026-05-02","Overall","quantile","0.1",191
"INFLAenza","2026-05-16",-2,"2026-05-02","Overall","quantile","0.15",198
"INFLAenza","2026-05-16",-2,"2026-05-02","Overall","quantile","0.2",204
"INFLAenza","2026-05-16",-2,"2026-05-02","Overall","quantile","0.25",209
"INFLAenza","2026-05-16",-2,"2026-05-02","Overall","quantile","0.3",213
"INFLAenza","2026-05-16",-2,"2026-05-02","Overall","quantile","0.35",217
"INFLAenza","2026-05-16",-2,"2026-05-02","Overall","quantile","0.4",221
"INFLAenza","2026-05-16",-2,"2026-05-02","Overall","quantile","0.45",224
"INFLAenza","2026-05-16",-2,"2026-05-02","Overall","quantile","0.5",228
"INFLAenza","2026-05-16",-2,"2026-05-02","Overall","quantile","0.55",232
"INFLAenza","2026-05-16",-2,"2026-05-02","Overall","quantile","0.6",236
"INFLAenza","2026-05-16",-2,"2026-05-02","Overall","quantile","0.65",240
"INFLAenza","2026-05-16",-2,"2026-05-02","Overall","quantile","0.7",245
"INFLAenza","2026-05-16",-2,"2026-05-02","Overall","quantile","0.75",250
"INFLAenza","2026-05-16",-2,"2026-05-02","Overall","quantile","0.8",255
"INFLAenza","2026-05-16",-2,"2026-05-02","Overall","quantile","0.85",261
"INFLAenza","2026-05-16",-2,"2026-05-02","Overall","quantile","0.9",270
"INFLAenza","2026-05-16",-2,"2026-05-02","Overall","quantile","0.95",282
"INFLAenza","2026-05-16",-2,"2026-05-02","Overall","quantile","0.975",293
"INFLAenza","2026-05-16",-2,"2026-05-02","Overall","quantile","0.99",307
"INFLAenza","2026-05-16",-2,"2026-05-02","Pediatrics","quantile","0.01",60
"INFLAenza","2026-05-16",-2,"2026-05-02","Pediatrics","quantile","0.025",67
"INFLAenza","2026-05-16",-2,"2026-05-02","Pediatrics","quantile","0.05",71
"INFLAenza","2026-05-16",-2,"2026-05-02","Pediatrics","quantile","0.1",77
"INFLAenza","2026-05-16",-2,"2026-05-02","Pediatrics","quantile","0.15",81
"INFLAenza","2026-05-16",-2,"2026-05-02","Pediatrics","quantile","0.2",84
"INFLAenza","2026-05-16",-2,"2026-05-02","Pediatrics","quantile","0.25",87
"INFLAenza","2026-05-16",-2,"2026-05-02","Pediatrics","quantile","0.3",90
"INFLAenza","2026-05-16",-2,"2026-05-02","Pediatrics","quantile","0.35",92
"INFLAenza","2026-05-16",-2,"2026-05-02","Pediatrics","quantile","0.4",94
"INFLAenza","2026-05-16",-2,"2026-05-02","Pediatrics","quantile","0.45",97
"INFLAenza","2026-05-16",-2,"2026-05-02","Pediatrics","quantile","0.5",100
"INFLAenza","2026-05-16",-2,"2026-05-02","Pediatrics","quantile","0.55",103
"INFLAenza","2026-05-16",-2,"2026-05-02","Pediatrics","quantile","0.6",105
"INFLAenza","2026-05-16",-2,"2026-05-02","Pediatrics","quantile","0.65",108
"INFLAenza","2026-05-16",-2,"2026-05-02","Pediatrics","quantile","0.7",111
"INFLAenza","2026-05-16",-2,"2026-05-02","Pediatrics","quantile","0.75",114
"INFLAenza","2026-05-16",-2,"2026-05-02","Pediatrics","quantile","0.8",118
"INFLAenza","2026-05-16",-2,"2026-05-02","Pediatrics","quantile","0.85",122
"INFLAenza","2026-05-16",-2,"2026-05-02","Pediatrics","quantile","0.9",128
"INFLAenza","2026-05-16",-2,"2026-05-02","Pediatrics","quantile","0.95",137
"INFLAenza","2026-05-16",-2,"2026-05-02","Pediatrics","quantile","0.975",145
"INFLAenza","2026-05-16",-2,"2026-05-02","Pediatrics","quantile","0.99",155
"INFLAenza","2026-05-16",-1,"2026-05-09","Adults","quantile","0.01",83
"INFLAenza","2026-05-16",-1,"2026-05-09","Adults","quantile","0.025",91
"INFLAenza","2026-05-16",-1,"2026-05-09","Adults","quantile","0.05",99
"INFLAenza","2026-05-16",-1,"2026-05-09","Adults","quantile","0.1",107
"INFLAenza","2026-05-16",-1,"2026-05-09","Adults","quantile","0.15",114
"INFLAenza","2026-05-16",-1,"2026-05-09","Adults","quantile","0.2",119
"INFLAenza","2026-05-16",-1,"2026-05-09","Adults","quantile","0.25",124
"INFLAenza","2026-05-16",-1,"2026-05-09","Adults","quantile","0.3",128
"INFLAenza","2026-05-16",-1,"2026-05-09","Adults","quantile","0.35",133
"INFLAenza","2026-05-16",-1,"2026-05-09","Adults","quantile","0.4",137
"INFLAenza","2026-05-16",-1,"2026-05-09","Adults","quantile","0.45",141
"INFLAenza","2026-05-16",-1,"2026-05-09","Adults","quantile","0.5",145
"INFLAenza","2026-05-16",-1,"2026-05-09","Adults","quantile","0.55",149
"INFLAenza","2026-05-16",-1,"2026-05-09","Adults","quantile","0.6",154
"INFLAenza","2026-05-16",-1,"2026-05-09","Adults","quantile","0.65",159
"INFLAenza","2026-05-16",-1,"2026-05-09","Adults","quantile","0.7",164
"INFLAenza","2026-05-16",-1,"2026-05-09","Adults","quantile","0.75",170
"INFLAenza","2026-05-16",-1,"2026-05-09","Adults","quantile","0.8",176
"INFLAenza","2026-05-16",-1,"2026-05-09","Adults","quantile","0.85",185
"INFLAenza","2026-05-16",-1,"2026-05-09","Adults","quantile","0.9",195
"INFLAenza","2026-05-16",-1,"2026-05-09","Adults","quantile","0.95",213
"INFLAenza","2026-05-16",-1,"2026-05-09","Adults","quantile","0.975",226
"INFLAenza","2026-05-16",-1,"2026-05-09","Adults","quantile","0.99",245
"INFLAenza","2026-05-16",-1,"2026-05-09","Overall","quantile","0.01",176
"INFLAenza","2026-05-16",-1,"2026-05-09","Overall","quantile","0.025",188
"INFLAenza","2026-05-16",-1,"2026-05-09","Overall","quantile","0.05",198
"INFLAenza","2026-05-16",-1,"2026-05-09","Overall","quantile","0.1",211
"INFLAenza","2026-05-16",-1,"2026-05-09","Overall","quantile","0.15",220
"INFLAenza","2026-05-16",-1,"2026-05-09","Overall","quantile","0.2",228
"INFLAenza","2026-05-16",-1,"2026-05-09","Overall","quantile","0.25",235
"INFLAenza","2026-05-16",-1,"2026-05-09","Overall","quantile","0.3",241
"INFLAenza","2026-05-16",-1,"2026-05-09","Overall","quantile","0.35",246
"INFLAenza","2026-05-16",-1,"2026-05-09","Overall","quantile","0.4",252
"INFLAenza","2026-05-16",-1,"2026-05-09","Overall","quantile","0.45",258
"INFLAenza","2026-05-16",-1,"2026-05-09","Overall","quantile","0.5",263
"INFLAenza","2026-05-16",-1,"2026-05-09","Overall","quantile","0.55",268
"INFLAenza","2026-05-16",-1,"2026-05-09","Overall","quantile","0.6",273
"INFLAenza","2026-05-16",-1,"2026-05-09","Overall","quantile","0.65",279
"INFLAenza","2026-05-16",-1,"2026-05-09","Overall","quantile","0.7",285
"INFLAenza","2026-05-16",-1,"2026-05-09","Overall","quantile","0.75",292
"INFLAenza","2026-05-16",-1,"2026-05-09","Overall","quantile","0.8",301
"INFLAenza","2026-05-16",-1,"2026-05-09","Overall","quantile","0.85",311
"INFLAenza","2026-05-16",-1,"2026-05-09","Overall","quantile","0.9",323
"INFLAenza","2026-05-16",-1,"2026-05-09","Overall","quantile","0.95",342
"INFLAenza","2026-05-16",-1,"2026-05-09","Overall","quantile","0.975",360
"INFLAenza","2026-05-16",-1,"2026-05-09","Overall","quantile","0.99",381
"INFLAenza","2026-05-16",-1,"2026-05-09","Pediatrics","quantile","0.01",62
"INFLAenza","2026-05-16",-1,"2026-05-09","Pediatrics","quantile","0.025",70
"INFLAenza","2026-05-16",-1,"2026-05-09","Pediatrics","quantile","0.05",76
"INFLAenza","2026-05-16",-1,"2026-05-09","Pediatrics","quantile","0.1",83
"INFLAenza","2026-05-16",-1,"2026-05-09","Pediatrics","quantile","0.15",89
"INFLAenza","2026-05-16",-1,"2026-05-09","Pediatrics","quantile","0.2",93
"INFLAenza","2026-05-16",-1,"2026-05-09","Pediatrics","quantile","0.25",97
"INFLAenza","2026-05-16",-1,"2026-05-09","Pediatrics","quantile","0.3",100
"INFLAenza","2026-05-16",-1,"2026-05-09","Pediatrics","quantile","0.35",103
"INFLAenza","2026-05-16",-1,"2026-05-09","Pediatrics","quantile","0.4",107
"INFLAenza","2026-05-16",-1,"2026-05-09","Pediatrics","quantile","0.45",110
"INFLAenza","2026-05-16",-1,"2026-05-09","Pediatrics","quantile","0.5",114
"INFLAenza","2026-05-16",-1,"2026-05-09","Pediatrics","quantile","0.55",117
"INFLAenza","2026-05-16",-1,"2026-05-09","Pediatrics","quantile","0.6",121
"INFLAenza","2026-05-16",-1,"2026-05-09","Pediatrics","quantile","0.65",125
"INFLAenza","2026-05-16",-1,"2026-05-09","Pediatrics","quantile","0.7",129
"INFLAenza","2026-05-16",-1,"2026-05-09","Pediatrics","quantile","0.75",133
"INFLAenza","2026-05-16",-1,"2026-05-09","Pediatrics","quantile","0.8",139
"INFLAenza","2026-05-16",-1,"2026-05-09","Pediatrics","quantile","0.85",146
"INFLAenza","2026-05-16",-1,"2026-05-09","Pediatrics","quantile","0.9",153
"INFLAenza","2026-05-16",-1,"2026-05-09","Pediatrics","quantile","0.95",167
"INFLAenza","2026-05-16",-1,"2026-05-09","Pediatrics","quantile","0.975",182
"INFLAenza","2026-05-16",-1,"2026-05-09","Pediatrics","quantile","0.99",197
"INFLAenza","2026-05-16",0,"2026-05-16","Adults","quantile","0.01",84
"INFLAenza","2026-05-16",0,"2026-05-16","Adults","quantile","0.025",95
"INFLAenza","2026-05-16",0,"2026-05-16","Adults","quantile","0.05",104
"INFLAenza","2026-05-16",0,"2026-05-16","Adults","quantile","0.1",114
"INFLAenza","2026-05-16",0,"2026-05-16","Adults","quantile","0.15",121
"INFLAenza","2026-05-16",0,"2026-05-16","Adults","quantile","0.2",127
"INFLAenza","2026-05-16",0,"2026-05-16","Adults","quantile","0.25",132
"INFLAenza","2026-05-16",0,"2026-05-16","Adults","quantile","0.3",138
"INFLAenza","2026-05-16",0,"2026-05-16","Adults","quantile","0.35",144
"INFLAenza","2026-05-16",0,"2026-05-16","Adults","quantile","0.4",150
"INFLAenza","2026-05-16",0,"2026-05-16","Adults","quantile","0.45",155
"INFLAenza","2026-05-16",0,"2026-05-16","Adults","quantile","0.5",160
"INFLAenza","2026-05-16",0,"2026-05-16","Adults","quantile","0.55",166
"INFLAenza","2026-05-16",0,"2026-05-16","Adults","quantile","0.6",171
"INFLAenza","2026-05-16",0,"2026-05-16","Adults","quantile","0.65",177
"INFLAenza","2026-05-16",0,"2026-05-16","Adults","quantile","0.7",183
"INFLAenza","2026-05-16",0,"2026-05-16","Adults","quantile","0.75",191
"INFLAenza","2026-05-16",0,"2026-05-16","Adults","quantile","0.8",198
"INFLAenza","2026-05-16",0,"2026-05-16","Adults","quantile","0.85",209
"INFLAenza","2026-05-16",0,"2026-05-16","Adults","quantile","0.9",222
"INFLAenza","2026-05-16",0,"2026-05-16","Adults","quantile","0.95",248
"INFLAenza","2026-05-16",0,"2026-05-16","Adults","quantile","0.975",264
"INFLAenza","2026-05-16",0,"2026-05-16","Adults","quantile","0.99",289
"INFLAenza","2026-05-16",0,"2026-05-16","Overall","quantile","0.01",186
"INFLAenza","2026-05-16",0,"2026-05-16","Overall","quantile","0.025",199
"INFLAenza","2026-05-16",0,"2026-05-16","Overall","quantile","0.05",212
"INFLAenza","2026-05-16",0,"2026-05-16","Overall","quantile","0.1",225
"INFLAenza","2026-05-16",0,"2026-05-16","Overall","quantile","0.15",236
"INFLAenza","2026-05-16",0,"2026-05-16","Overall","quantile","0.2",245
"INFLAenza","2026-05-16",0,"2026-05-16","Overall","quantile","0.25",253
"INFLAenza","2026-05-16",0,"2026-05-16","Overall","quantile","0.3",261
"INFLAenza","2026-05-16",0,"2026-05-16","Overall","quantile","0.35",268
"INFLAenza","2026-05-16",0,"2026-05-16","Overall","quantile","0.4",274
"INFLAenza","2026-05-16",0,"2026-05-16","Overall","quantile","0.45",282
"INFLAenza","2026-05-16",0,"2026-05-16","Overall","quantile","0.5",288
"INFLAenza","2026-05-16",0,"2026-05-16","Overall","quantile","0.55",295
"INFLAenza","2026-05-16",0,"2026-05-16","Overall","quantile","0.6",303
"INFLAenza","2026-05-16",0,"2026-05-16","Overall","quantile","0.65",310
"INFLAenza","2026-05-16",0,"2026-05-16","Overall","quantile","0.7",317
"INFLAenza","2026-05-16",0,"2026-05-16","Overall","quantile","0.75",327
"INFLAenza","2026-05-16",0,"2026-05-16","Overall","quantile","0.8",337
"INFLAenza","2026-05-16",0,"2026-05-16","Overall","quantile","0.85",349
"INFLAenza","2026-05-16",0,"2026-05-16","Overall","quantile","0.9",364
"INFLAenza","2026-05-16",0,"2026-05-16","Overall","quantile","0.95",389
"INFLAenza","2026-05-16",0,"2026-05-16","Overall","quantile","0.975",414
"INFLAenza","2026-05-16",0,"2026-05-16","Overall","quantile","0.99",442
"INFLAenza","2026-05-16",0,"2026-05-16","Pediatrics","quantile","0.01",64
"INFLAenza","2026-05-16",0,"2026-05-16","Pediatrics","quantile","0.025",71
"INFLAenza","2026-05-16",0,"2026-05-16","Pediatrics","quantile","0.05",78
"INFLAenza","2026-05-16",0,"2026-05-16","Pediatrics","quantile","0.1",87
"INFLAenza","2026-05-16",0,"2026-05-16","Pediatrics","quantile","0.15",94
"INFLAenza","2026-05-16",0,"2026-05-16","Pediatrics","quantile","0.2",99
"INFLAenza","2026-05-16",0,"2026-05-16","Pediatrics","quantile","0.25",103
"INFLAenza","2026-05-16",0,"2026-05-16","Pediatrics","quantile","0.3",107
"INFLAenza","2026-05-16",0,"2026-05-16","Pediatrics","quantile","0.35",111
"INFLAenza","2026-05-16",0,"2026-05-16","Pediatrics","quantile","0.4",116
"INFLAenza","2026-05-16",0,"2026-05-16","Pediatrics","quantile","0.45",120
"INFLAenza","2026-05-16",0,"2026-05-16","Pediatrics","quantile","0.5",124
"INFLAenza","2026-05-16",0,"2026-05-16","Pediatrics","quantile","0.55",128
"INFLAenza","2026-05-16",0,"2026-05-16","Pediatrics","quantile","0.6",132
"INFLAenza","2026-05-16",0,"2026-05-16","Pediatrics","quantile","0.65",137
"INFLAenza","2026-05-16",0,"2026-05-16","Pediatrics","quantile","0.7",142
"INFLAenza","2026-05-16",0,"2026-05-16","Pediatrics","quantile","0.75",148
"INFLAenza","2026-05-16",0,"2026-05-16","Pediatrics","quantile","0.8",155
"INFLAenza","2026-05-16",0,"2026-05-16","Pediatrics","quantile","0.85",163
"INFLAenza","2026-05-16",0,"2026-05-16","Pediatrics","quantile","0.9",174
"INFLAenza","2026-05-16",0,"2026-05-16","Pediatrics","quantile","0.95",191
"INFLAenza","2026-05-16",0,"2026-05-16","Pediatrics","quantile","0.975",205
"INFLAenza","2026-05-16",0,"2026-05-16","Pediatrics","quantile","0.99",225
"INFLAenza","2026-05-16",1,"2026-05-23","Adults","quantile","0.01",85
"INFLAenza","2026-05-16",1,"2026-05-23","Adults","quantile","0.025",98
"INFLAenza","2026-05-16",1,"2026-05-23","Adults","quantile","0.05",107
"INFLAenza","2026-05-16",1,"2026-05-23","Adults","quantile","0.1",119
"INFLAenza","2026-05-16",1,"2026-05-23","Adults","quantile","0.15",129
"INFLAenza","2026-05-16",1,"2026-05-23","Adults","quantile","0.2",135
"INFLAenza","2026-05-16",1,"2026-05-23","Adults","quantile","0.25",143
"INFLAenza","2026-05-16",1,"2026-05-23","Adults","quantile","0.3",148
"INFLAenza","2026-05-16",1,"2026-05-23","Adults","quantile","0.35",154
"INFLAenza","2026-05-16",1,"2026-05-23","Adults","quantile","0.4",161
"INFLAenza","2026-05-16",1,"2026-05-23","Adults","quantile","0.45",166
"INFLAenza","2026-05-16",1,"2026-05-23","Adults","quantile","0.5",172
"INFLAenza","2026-05-16",1,"2026-05-23","Adults","quantile","0.55",178
"INFLAenza","2026-05-16",1,"2026-05-23","Adults","quantile","0.6",185
"INFLAenza","2026-05-16",1,"2026-05-23","Adults","quantile","0.65",193
"INFLAenza","2026-05-16",1,"2026-05-23","Adults","quantile","0.7",200
"INFLAenza","2026-05-16",1,"2026-05-23","Adults","quantile","0.75",208
"INFLAenza","2026-05-16",1,"2026-05-23","Adults","quantile","0.8",219
"INFLAenza","2026-05-16",1,"2026-05-23","Adults","quantile","0.85",232
"INFLAenza","2026-05-16",1,"2026-05-23","Adults","quantile","0.9",247
"INFLAenza","2026-05-16",1,"2026-05-23","Adults","quantile","0.95",274
"INFLAenza","2026-05-16",1,"2026-05-23","Adults","quantile","0.975",300
"INFLAenza","2026-05-16",1,"2026-05-23","Adults","quantile","0.99",335
"INFLAenza","2026-05-16",1,"2026-05-23","Overall","quantile","0.01",191
"INFLAenza","2026-05-16",1,"2026-05-23","Overall","quantile","0.025",209
"INFLAenza","2026-05-16",1,"2026-05-23","Overall","quantile","0.05",223
"INFLAenza","2026-05-16",1,"2026-05-23","Overall","quantile","0.1",240
"INFLAenza","2026-05-16",1,"2026-05-23","Overall","quantile","0.15",252
"INFLAenza","2026-05-16",1,"2026-05-23","Overall","quantile","0.2",263
"INFLAenza","2026-05-16",1,"2026-05-23","Overall","quantile","0.25",272
"INFLAenza","2026-05-16",1,"2026-05-23","Overall","quantile","0.3",280
"INFLAenza","2026-05-16",1,"2026-05-23","Overall","quantile","0.35",287
"INFLAenza","2026-05-16",1,"2026-05-23","Overall","quantile","0.4",295
"INFLAenza","2026-05-16",1,"2026-05-23","Overall","quantile","0.45",302
"INFLAenza","2026-05-16",1,"2026-05-23","Overall","quantile","0.5",310
"INFLAenza","2026-05-16",1,"2026-05-23","Overall","quantile","0.55",318
"INFLAenza","2026-05-16",1,"2026-05-23","Overall","quantile","0.6",326
"INFLAenza","2026-05-16",1,"2026-05-23","Overall","quantile","0.65",335
"INFLAenza","2026-05-16",1,"2026-05-23","Overall","quantile","0.7",345
"INFLAenza","2026-05-16",1,"2026-05-23","Overall","quantile","0.75",356
"INFLAenza","2026-05-16",1,"2026-05-23","Overall","quantile","0.8",368
"INFLAenza","2026-05-16",1,"2026-05-23","Overall","quantile","0.85",383
"INFLAenza","2026-05-16",1,"2026-05-23","Overall","quantile","0.9",404
"INFLAenza","2026-05-16",1,"2026-05-23","Overall","quantile","0.95",436
"INFLAenza","2026-05-16",1,"2026-05-23","Overall","quantile","0.975",464
"INFLAenza","2026-05-16",1,"2026-05-23","Overall","quantile","0.99",498
"INFLAenza","2026-05-16",1,"2026-05-23","Pediatrics","quantile","0.01",66
"INFLAenza","2026-05-16",1,"2026-05-23","Pediatrics","quantile","0.025",74
"INFLAenza","2026-05-16",1,"2026-05-23","Pediatrics","quantile","0.05",81
"INFLAenza","2026-05-16",1,"2026-05-23","Pediatrics","quantile","0.1",90
"INFLAenza","2026-05-16",1,"2026-05-23","Pediatrics","quantile","0.15",98
"INFLAenza","2026-05-16",1,"2026-05-23","Pediatrics","quantile","0.2",104
"INFLAenza","2026-05-16",1,"2026-05-23","Pediatrics","quantile","0.25",109
"INFLAenza","2026-05-16",1,"2026-05-23","Pediatrics","quantile","0.3",114
"INFLAenza","2026-05-16",1,"2026-05-23","Pediatrics","quantile","0.35",119
"INFLAenza","2026-05-16",1,"2026-05-23","Pediatrics","quantile","0.4",124
"INFLAenza","2026-05-16",1,"2026-05-23","Pediatrics","quantile","0.45",128
"INFLAenza","2026-05-16",1,"2026-05-23","Pediatrics","quantile","0.5",133
"INFLAenza","2026-05-16",1,"2026-05-23","Pediatrics","quantile","0.55",138
"INFLAenza","2026-05-16",1,"2026-05-23","Pediatrics","quantile","0.6",143
"INFLAenza","2026-05-16",1,"2026-05-23","Pediatrics","quantile","0.65",148
"INFLAenza","2026-05-16",1,"2026-05-23","Pediatrics","quantile","0.7",154
"INFLAenza","2026-05-16",1,"2026-05-23","Pediatrics","quantile","0.75",161
"INFLAenza","2026-05-16",1,"2026-05-23","Pediatrics","quantile","0.8",168
"INFLAenza","2026-05-16",1,"2026-05-23","Pediatrics","quantile","0.85",178
"INFLAenza","2026-05-16",1,"2026-05-23","Pediatrics","quantile","0.9",190
"INFLAenza","2026-05-16",1,"2026-05-23","Pediatrics","quantile","0.95",211
"INFLAenza","2026-05-16",1,"2026-05-23","Pediatrics","quantile","0.975",231
"INFLAenza","2026-05-16",1,"2026-05-23","Pediatrics","quantile","0.99",265
"INFLAenza","2026-05-16",2,"2026-05-30","Adults","quantile","0.01",86
"INFLAenza","2026-05-16",2,"2026-05-30","Adults","quantile","0.025",98
"INFLAenza","2026-05-16",2,"2026-05-30","Adults","quantile","0.05",108
"INFLAenza","2026-05-16",2,"2026-05-30","Adults","quantile","0.1",122
"INFLAenza","2026-05-16",2,"2026-05-30","Adults","quantile","0.15",131
"INFLAenza","2026-05-16",2,"2026-05-30","Adults","quantile","0.2",139
"INFLAenza","2026-05-16",2,"2026-05-30","Adults","quantile","0.25",147
"INFLAenza","2026-05-16",2,"2026-05-30","Adults","quantile","0.3",154
"INFLAenza","2026-05-16",2,"2026-05-30","Adults","quantile","0.35",160
"INFLAenza","2026-05-16",2,"2026-05-30","Adults","quantile","0.4",167
"INFLAenza","2026-05-16",2,"2026-05-30","Adults","quantile","0.45",173
"INFLAenza","2026-05-16",2,"2026-05-30","Adults","quantile","0.5",180
"INFLAenza","2026-05-16",2,"2026-05-30","Adults","quantile","0.55",187
"INFLAenza","2026-05-16",2,"2026-05-30","Adults","quantile","0.6",195
"INFLAenza","2026-05-16",2,"2026-05-30","Adults","quantile","0.65",202
"INFLAenza","2026-05-16",2,"2026-05-30","Adults","quantile","0.7",211
"INFLAenza","2026-05-16",2,"2026-05-30","Adults","quantile","0.75",221
"INFLAenza","2026-05-16",2,"2026-05-30","Adults","quantile","0.8",232
"INFLAenza","2026-05-16",2,"2026-05-30","Adults","quantile","0.85",246
"INFLAenza","2026-05-16",2,"2026-05-30","Adults","quantile","0.9",265
"INFLAenza","2026-05-16",2,"2026-05-30","Adults","quantile","0.95",295
"INFLAenza","2026-05-16",2,"2026-05-30","Adults","quantile","0.975",324
"INFLAenza","2026-05-16",2,"2026-05-30","Adults","quantile","0.99",363
"INFLAenza","2026-05-16",2,"2026-05-30","Overall","quantile","0.01",194
"INFLAenza","2026-05-16",2,"2026-05-30","Overall","quantile","0.025",211
"INFLAenza","2026-05-16",2,"2026-05-30","Overall","quantile","0.05",229
"INFLAenza","2026-05-16",2,"2026-05-30","Overall","quantile","0.1",247
"INFLAenza","2026-05-16",2,"2026-05-30","Overall","quantile","0.15",260
"INFLAenza","2026-05-16",2,"2026-05-30","Overall","quantile","0.2",272
"INFLAenza","2026-05-16",2,"2026-05-30","Overall","quantile","0.25",281
"INFLAenza","2026-05-16",2,"2026-05-30","Overall","quantile","0.3",289
"INFLAenza","2026-05-16",2,"2026-05-30","Overall","quantile","0.35",298
"INFLAenza","2026-05-16",2,"2026-05-30","Overall","quantile","0.4",307
"INFLAenza","2026-05-16",2,"2026-05-30","Overall","quantile","0.45",315
"INFLAenza","2026-05-16",2,"2026-05-30","Overall","quantile","0.5",324
"INFLAenza","2026-05-16",2,"2026-05-30","Overall","quantile","0.55",333
"INFLAenza","2026-05-16",2,"2026-05-30","Overall","quantile","0.6",341
"INFLAenza","2026-05-16",2,"2026-05-30","Overall","quantile","0.65",351
"INFLAenza","2026-05-16",2,"2026-05-30","Overall","quantile","0.7",360
"INFLAenza","2026-05-16",2,"2026-05-30","Overall","quantile","0.75",371
"INFLAenza","2026-05-16",2,"2026-05-30","Overall","quantile","0.8",385
"INFLAenza","2026-05-16",2,"2026-05-30","Overall","quantile","0.85",402
"INFLAenza","2026-05-16",2,"2026-05-30","Overall","quantile","0.9",425
"INFLAenza","2026-05-16",2,"2026-05-30","Overall","quantile","0.95",463
"INFLAenza","2026-05-16",2,"2026-05-30","Overall","quantile","0.975",495
"INFLAenza","2026-05-16",2,"2026-05-30","Overall","quantile","0.99",531
"INFLAenza","2026-05-16",2,"2026-05-30","Pediatrics","quantile","0.01",65
"INFLAenza","2026-05-16",2,"2026-05-30","Pediatrics","quantile","0.025",73
"INFLAenza","2026-05-16",2,"2026-05-30","Pediatrics","quantile","0.05",81
"INFLAenza","2026-05-16",2,"2026-05-30","Pediatrics","quantile","0.1",91
"INFLAenza","2026-05-16",2,"2026-05-30","Pediatrics","quantile","0.15",99
"INFLAenza","2026-05-16",2,"2026-05-30","Pediatrics","quantile","0.2",105
"INFLAenza","2026-05-16",2,"2026-05-30","Pediatrics","quantile","0.25",111
"INFLAenza","2026-05-16",2,"2026-05-30","Pediatrics","quantile","0.3",116
"INFLAenza","2026-05-16",2,"2026-05-30","Pediatrics","quantile","0.35",121
"INFLAenza","2026-05-16",2,"2026-05-30","Pediatrics","quantile","0.4",127
"INFLAenza","2026-05-16",2,"2026-05-30","Pediatrics","quantile","0.45",132
"INFLAenza","2026-05-16",2,"2026-05-30","Pediatrics","quantile","0.5",137
"INFLAenza","2026-05-16",2,"2026-05-30","Pediatrics","quantile","0.55",143
"INFLAenza","2026-05-16",2,"2026-05-30","Pediatrics","quantile","0.6",148
"INFLAenza","2026-05-16",2,"2026-05-30","Pediatrics","quantile","0.65",154
"INFLAenza","2026-05-16",2,"2026-05-30","Pediatrics","quantile","0.7",161
"INFLAenza","2026-05-16",2,"2026-05-30","Pediatrics","quantile","0.75",168
"INFLAenza","2026-05-16",2,"2026-05-30","Pediatrics","quantile","0.8",177
"INFLAenza","2026-05-16",2,"2026-05-30","Pediatrics","quantile","0.85",188
"INFLAenza","2026-05-16",2,"2026-05-30","Pediatrics","quantile","0.9",202
"INFLAenza","2026-05-16",2,"2026-05-30","Pediatrics","quantile","0.95",228
"INFLAenza","2026-05-16",2,"2026-05-30","Pediatrics","quantile","0.975",245
"INFLAenza","2026-05-16",2,"2026-05-30","Pediatrics","quantile","0.99",271
"INFLAenza","2026-05-16",3,"2026-06-06","Adults","quantile","0.01",83
"INFLAenza","2026-05-16",3,"2026-06-06","Adults","quantile","0.025",96
"INFLAenza","2026-05-16",3,"2026-06-06","Adults","quantile","0.05",107
"INFLAenza","2026-05-16",3,"2026-06-06","Adults","quantile","0.1",122
"INFLAenza","2026-05-16",3,"2026-06-06","Adults","quantile","0.15",131
"INFLAenza","2026-05-16",3,"2026-06-06","Adults","quantile","0.2",140
"INFLAenza","2026-05-16",3,"2026-06-06","Adults","quantile","0.25",149
"INFLAenza","2026-05-16",3,"2026-06-06","Adults","quantile","0.3",155
"INFLAenza","2026-05-16",3,"2026-06-06","Adults","quantile","0.35",162
"INFLAenza","2026-05-16",3,"2026-06-06","Adults","quantile","0.4",170
"INFLAenza","2026-05-16",3,"2026-06-06","Adults","quantile","0.45",177
"INFLAenza","2026-05-16",3,"2026-06-06","Adults","quantile","0.5",184
"INFLAenza","2026-05-16",3,"2026-06-06","Adults","quantile","0.55",191
"INFLAenza","2026-05-16",3,"2026-06-06","Adults","quantile","0.6",200
"INFLAenza","2026-05-16",3,"2026-06-06","Adults","quantile","0.65",208
"INFLAenza","2026-05-16",3,"2026-06-06","Adults","quantile","0.7",218
"INFLAenza","2026-05-16",3,"2026-06-06","Adults","quantile","0.75",229
"INFLAenza","2026-05-16",3,"2026-06-06","Adults","quantile","0.8",243
"INFLAenza","2026-05-16",3,"2026-06-06","Adults","quantile","0.85",258
"INFLAenza","2026-05-16",3,"2026-06-06","Adults","quantile","0.9",279
"INFLAenza","2026-05-16",3,"2026-06-06","Adults","quantile","0.95",312
"INFLAenza","2026-05-16",3,"2026-06-06","Adults","quantile","0.975",343
"INFLAenza","2026-05-16",3,"2026-06-06","Adults","quantile","0.99",383
"INFLAenza","2026-05-16",3,"2026-06-06","Overall","quantile","0.01",193
"INFLAenza","2026-05-16",3,"2026-06-06","Overall","quantile","0.025",211
"INFLAenza","2026-05-16",3,"2026-06-06","Overall","quantile","0.05",227
"INFLAenza","2026-05-16",3,"2026-06-06","Overall","quantile","0.1",246
"INFLAenza","2026-05-16",3,"2026-06-06","Overall","quantile","0.15",262
"INFLAenza","2026-05-16",3,"2026-06-06","Overall","quantile","0.2",274
"INFLAenza","2026-05-16",3,"2026-06-06","Overall","quantile","0.25",284
"INFLAenza","2026-05-16",3,"2026-06-06","Overall","quantile","0.3",294
"INFLAenza","2026-05-16",3,"2026-06-06","Overall","quantile","0.35",304
"INFLAenza","2026-05-16",3,"2026-06-06","Overall","quantile","0.4",312
"INFLAenza","2026-05-16",3,"2026-06-06","Overall","quantile","0.45",321
"INFLAenza","2026-05-16",3,"2026-06-06","Overall","quantile","0.5",330
"INFLAenza","2026-05-16",3,"2026-06-06","Overall","quantile","0.55",341
"INFLAenza","2026-05-16",3,"2026-06-06","Overall","quantile","0.6",351
"INFLAenza","2026-05-16",3,"2026-06-06","Overall","quantile","0.65",362
"INFLAenza","2026-05-16",3,"2026-06-06","Overall","quantile","0.7",372
"INFLAenza","2026-05-16",3,"2026-06-06","Overall","quantile","0.75",385
"INFLAenza","2026-05-16",3,"2026-06-06","Overall","quantile","0.8",401
"INFLAenza","2026-05-16",3,"2026-06-06","Overall","quantile","0.85",420
"INFLAenza","2026-05-16",3,"2026-06-06","Overall","quantile","0.9",445
"INFLAenza","2026-05-16",3,"2026-06-06","Overall","quantile","0.95",482
"INFLAenza","2026-05-16",3,"2026-06-06","Overall","quantile","0.975",517
"INFLAenza","2026-05-16",3,"2026-06-06","Overall","quantile","0.99",560
"INFLAenza","2026-05-16",3,"2026-06-06","Pediatrics","quantile","0.01",65
"INFLAenza","2026-05-16",3,"2026-06-06","Pediatrics","quantile","0.025",72
"INFLAenza","2026-05-16",3,"2026-06-06","Pediatrics","quantile","0.05",80
"INFLAenza","2026-05-16",3,"2026-06-06","Pediatrics","quantile","0.1",91
"INFLAenza","2026-05-16",3,"2026-06-06","Pediatrics","quantile","0.15",99
"INFLAenza","2026-05-16",3,"2026-06-06","Pediatrics","quantile","0.2",105
"INFLAenza","2026-05-16",3,"2026-06-06","Pediatrics","quantile","0.25",111
"INFLAenza","2026-05-16",3,"2026-06-06","Pediatrics","quantile","0.3",117
"INFLAenza","2026-05-16",3,"2026-06-06","Pediatrics","quantile","0.35",122
"INFLAenza","2026-05-16",3,"2026-06-06","Pediatrics","quantile","0.4",127
"INFLAenza","2026-05-16",3,"2026-06-06","Pediatrics","quantile","0.45",133
"INFLAenza","2026-05-16",3,"2026-06-06","Pediatrics","quantile","0.5",139
"INFLAenza","2026-05-16",3,"2026-06-06","Pediatrics","quantile","0.55",145
"INFLAenza","2026-05-16",3,"2026-06-06","Pediatrics","quantile","0.6",151
"INFLAenza","2026-05-16",3,"2026-06-06","Pediatrics","quantile","0.65",158
"INFLAenza","2026-05-16",3,"2026-06-06","Pediatrics","quantile","0.7",165
"INFLAenza","2026-05-16",3,"2026-06-06","Pediatrics","quantile","0.75",174
"INFLAenza","2026-05-16",3,"2026-06-06","Pediatrics","quantile","0.8",182
"INFLAenza","2026-05-16",3,"2026-06-06","Pediatrics","quantile","0.85",195
"INFLAenza","2026-05-16",3,"2026-06-06","Pediatrics","quantile","0.9",211
"INFLAenza","2026-05-16",3,"2026-06-06","Pediatrics","quantile","0.95",238
"INFLAenza","2026-05-16",3,"2026-06-06","Pediatrics","quantile","0.975",260
"INFLAenza","2026-05-16",3,"2026-06-06","Pediatrics","quantile","0.99",285
"Copycat","2026-05-16",-2,"2026-05-02","Adults","quantile","0.01",82
"Copycat","2026-05-16",-2,"2026-05-02","Adults","quantile","0.025",88
"Copycat","2026-05-16",-2,"2026-05-02","Adults","quantile","0.05",93
"Copycat","2026-05-16",-2,"2026-05-02","Adults","quantile","0.1",97
"Copycat","2026-05-16",-2,"2026-05-02","Adults","quantile","0.15",100
"Copycat","2026-05-16",-2,"2026-05-02","Adults","quantile","0.2",104
"Copycat","2026-05-16",-2,"2026-05-02","Adults","quantile","0.25",106
"Copycat","2026-05-16",-2,"2026-05-02","Adults","quantile","0.3",108
"Copycat","2026-05-16",-2,"2026-05-02","Adults","quantile","0.35",109
"Copycat","2026-05-16",-2,"2026-05-02","Adults","quantile","0.4",111
"Copycat","2026-05-16",-2,"2026-05-02","Adults","quantile","0.45",113
"Copycat","2026-05-16",-2,"2026-05-02","Adults","quantile","0.5",115
"Copycat","2026-05-16",-2,"2026-05-02","Adults","quantile","0.55",117
"Copycat","2026-05-16",-2,"2026-05-02","Adults","quantile","0.6",119
"Copycat","2026-05-16",-2,"2026-05-02","Adults","quantile","0.65",120
"Copycat","2026-05-16",-2,"2026-05-02","Adults","quantile","0.7",123
"Copycat","2026-05-16",-2,"2026-05-02","Adults","quantile","0.75",125
"Copycat","2026-05-16",-2,"2026-05-02","Adults","quantile","0.8",128
"Copycat","2026-05-16",-2,"2026-05-02","Adults","quantile","0.85",131
"Copycat","2026-05-16",-2,"2026-05-02","Adults","quantile","0.9",135
"Copycat","2026-05-16",-2,"2026-05-02","Adults","quantile","0.95",140
"Copycat","2026-05-16",-2,"2026-05-02","Adults","quantile","0.975",147
"Copycat","2026-05-16",-2,"2026-05-02","Adults","quantile","0.99",151
"Copycat","2026-05-16",-1,"2026-05-09","Adults","quantile","0.01",88
"Copycat","2026-05-16",-1,"2026-05-09","Adults","quantile","0.025",95
"Copycat","2026-05-16",-1,"2026-05-09","Adults","quantile","0.05",99
"Copycat","2026-05-16",-1,"2026-05-09","Adults","quantile","0.1",105
"Copycat","2026-05-16",-1,"2026-05-09","Adults","quantile","0.15",108
"Copycat","2026-05-16",-1,"2026-05-09","Adults","quantile","0.2",111
"Copycat","2026-05-16",-1,"2026-05-09","Adults","quantile","0.25",113
"Copycat","2026-05-16",-1,"2026-05-09","Adults","quantile","0.3",116
"Copycat","2026-05-16",-1,"2026-05-09","Adults","quantile","0.35",118
"Copycat","2026-05-16",-1,"2026-05-09","Adults","quantile","0.4",121
"Copycat","2026-05-16",-1,"2026-05-09","Adults","quantile","0.45",123
"Copycat","2026-05-16",-1,"2026-05-09","Adults","quantile","0.5",126
"Copycat","2026-05-16",-1,"2026-05-09","Adults","quantile","0.55",128
"Copycat","2026-05-16",-1,"2026-05-09","Adults","quantile","0.6",130
"Copycat","2026-05-16",-1,"2026-05-09","Adults","quantile","0.65",133
"Copycat","2026-05-16",-1,"2026-05-09","Adults","quantile","0.7",135
"Copycat","2026-05-16",-1,"2026-05-09","Adults","quantile","0.75",138
"Copycat","2026-05-16",-1,"2026-05-09","Adults","quantile","0.8",143
"Copycat","2026-05-16",-1,"2026-05-09","Adults","quantile","0.85",146
"Copycat","2026-05-16",-1,"2026-05-09","Adults","quantile","0.9",153
"Copycat","2026-05-16",-1,"2026-05-09","Adults","quantile","0.95",161
"Copycat","2026-05-16",-1,"2026-05-09","Adults","quantile","0.975",171
"Copycat","2026-05-16",-1,"2026-05-09","Adults","quantile","0.99",184
"Copycat","2026-05-16",0,"2026-05-16","Adults","quantile","0.01",88
"Copycat","2026-05-16",0,"2026-05-16","Adults","quantile","0.025",94
"Copycat","2026-05-16",0,"2026-05-16","Adults","quantile","0.05",100
"Copycat","2026-05-16",0,"2026-05-16","Adults","quantile","0.1",106
"Copycat","2026-05-16",0,"2026-05-16","Adults","quantile","0.15",111
"Copycat","2026-05-16",0,"2026-05-16","Adults","quantile","0.2",116
"Copycat","2026-05-16",0,"2026-05-16","Adults","quantile","0.25",120
"Copycat","2026-05-16",0,"2026-05-16","Adults","quantile","0.3",123
"Copycat","2026-05-16",0,"2026-05-16","Adults","quantile","0.35",126
"Copycat","2026-05-16",0,"2026-05-16","Adults","quantile","0.4",129
"Copycat","2026-05-16",0,"2026-05-16","Adults","quantile","0.45",133
"Copycat","2026-05-16",0,"2026-05-16","Adults","quantile","0.5",135
"Copycat","2026-05-16",0,"2026-05-16","Adults","quantile","0.55",137
"Copycat","2026-05-16",0,"2026-05-16","Adults","quantile","0.6",140
"Copycat","2026-05-16",0,"2026-05-16","Adults","quantile","0.65",143
"Copycat","2026-05-16",0,"2026-05-16","Adults","quantile","0.7",147
"Copycat","2026-05-16",0,"2026-05-16","Adults","quantile","0.75",150
"Copycat","2026-05-16",0,"2026-05-16","Adults","quantile","0.8",156
"Copycat","2026-05-16",0,"2026-05-16","Adults","quantile","0.85",162
"Copycat","2026-05-16",0,"2026-05-16","Adults","quantile","0.9",169
"Copycat","2026-05-16",0,"2026-05-16","Adults","quantile","0.95",180
"Copycat","2026-05-16",0,"2026-05-16","Adults","quantile","0.975",196
"Copycat","2026-05-16",0,"2026-05-16","Adults","quantile","0.99",210
"Copycat","2026-05-16",1,"2026-05-23","Adults","quantile","0.01",84
"Copycat","2026-05-16",1,"2026-05-23","Adults","quantile","0.025",92
"Copycat","2026-05-16",1,"2026-05-23","Adults","quantile","0.05",100
"Copycat","2026-05-16",1,"2026-05-23","Adults","quantile","0.1",109
"Copycat","2026-05-16",1,"2026-05-23","Adults","quantile","0.15",113
"Copycat","2026-05-16",1,"2026-05-23","Adults","quantile","0.2",119
"Copycat","2026-05-16",1,"2026-05-23","Adults","quantile","0.25",123
"Copycat","2026-05-16",1,"2026-05-23","Adults","quantile","0.3",126
"Copycat","2026-05-16",1,"2026-05-23","Adults","quantile","0.35",131
"Copycat","2026-05-16",1,"2026-05-23","Adults","quantile","0.4",134
"Copycat","2026-05-16",1,"2026-05-23","Adults","quantile","0.45",140
"Copycat","2026-05-16",1,"2026-05-23","Adults","quantile","0.5",144
"Copycat","2026-05-16",1,"2026-05-23","Adults","quantile","0.55",147
"Copycat","2026-05-16",1,"2026-05-23","Adults","quantile","0.6",151
"Copycat","2026-05-16",1,"2026-05-23","Adults","quantile","0.65",154
"Copycat","2026-05-16",1,"2026-05-23","Adults","quantile","0.7",158
"Copycat","2026-05-16",1,"2026-05-23","Adults","quantile","0.75",164
"Copycat","2026-05-16",1,"2026-05-23","Adults","quantile","0.8",170
"Copycat","2026-05-16",1,"2026-05-23","Adults","quantile","0.85",176
"Copycat","2026-05-16",1,"2026-05-23","Adults","quantile","0.9",188
"Copycat","2026-05-16",1,"2026-05-23","Adults","quantile","0.95",205
"Copycat","2026-05-16",1,"2026-05-23","Adults","quantile","0.975",231
"Copycat","2026-05-16",1,"2026-05-23","Adults","quantile","0.99",258
"Copycat","2026-05-16",2,"2026-05-30","Adults","quantile","0.01",80
"Copycat","2026-05-16",2,"2026-05-30","Adults","quantile","0.025",91
"Copycat","2026-05-16",2,"2026-05-30","Adults","quantile","0.05",97
"Copycat","2026-05-16",2,"2026-05-30","Adults","quantile","0.1",108
"Copycat","2026-05-16",2,"2026-05-30","Adults","quantile","0.15",115
"Copycat","2026-05-16",2,"2026-05-30","Adults","quantile","0.2",120
"Copycat","2026-05-16",2,"2026-05-30","Adults","quantile","0.25",125
"Copycat","2026-05-16",2,"2026-05-30","Adults","quantile","0.3",130
"Copycat","2026-05-16",2,"2026-05-30","Adults","quantile","0.35",134
"Copycat","2026-05-16",2,"2026-05-30","Adults","quantile","0.4",138
"Copycat","2026-05-16",2,"2026-05-30","Adults","quantile","0.45",142
"Copycat","2026-05-16",2,"2026-05-30","Adults","quantile","0.5",145
"Copycat","2026-05-16",2,"2026-05-30","Adults","quantile","0.55",150
"Copycat","2026-05-16",2,"2026-05-30","Adults","quantile","0.6",155
"Copycat","2026-05-16",2,"2026-05-30","Adults","quantile","0.65",160
"Copycat","2026-05-16",2,"2026-05-30","Adults","quantile","0.7",166
"Copycat","2026-05-16",2,"2026-05-30","Adults","quantile","0.75",173
"Copycat","2026-05-16",2,"2026-05-30","Adults","quantile","0.8",181
"Copycat","2026-05-16",2,"2026-05-30","Adults","quantile","0.85",190
"Copycat","2026-05-16",2,"2026-05-30","Adults","quantile","0.9",203
"Copycat","2026-05-16",2,"2026-05-30","Adults","quantile","0.95",233
"Copycat","2026-05-16",2,"2026-05-30","Adults","quantile","0.975",264
"Copycat","2026-05-16",2,"2026-05-30","Adults","quantile","0.99",304
"Copycat","2026-05-16",3,"2026-06-06","Adults","quantile","0.01",82
"Copycat","2026-05-16",3,"2026-06-06","Adults","quantile","0.025",87
"Copycat","2026-05-16",3,"2026-06-06","Adults","quantile","0.05",93
"Copycat","2026-05-16",3,"2026-06-06","Adults","quantile","0.1",103
"Copycat","2026-05-16",3,"2026-06-06","Adults","quantile","0.15",111
"Copycat","2026-05-16",3,"2026-06-06","Adults","quantile","0.2",118
"Copycat","2026-05-16",3,"2026-06-06","Adults","quantile","0.25",124
"Copycat","2026-05-16",3,"2026-06-06","Adults","quantile","0.3",128
"Copycat","2026-05-16",3,"2026-06-06","Adults","quantile","0.35",133
"Copycat","2026-05-16",3,"2026-06-06","Adults","quantile","0.4",138
"Copycat","2026-05-16",3,"2026-06-06","Adults","quantile","0.45",143
"Copycat","2026-05-16",3,"2026-06-06","Adults","quantile","0.5",148
"Copycat","2026-05-16",3,"2026-06-06","Adults","quantile","0.55",153
"Copycat","2026-05-16",3,"2026-06-06","Adults","quantile","0.6",158
"Copycat","2026-05-16",3,"2026-06-06","Adults","quantile","0.65",165
"Copycat","2026-05-16",3,"2026-06-06","Adults","quantile","0.7",172
"Copycat","2026-05-16",3,"2026-06-06","Adults","quantile","0.75",180
"Copycat","2026-05-16",3,"2026-06-06","Adults","quantile","0.8",188
"Copycat","2026-05-16",3,"2026-06-06","Adults","quantile","0.85",197
"Copycat","2026-05-16",3,"2026-06-06","Adults","quantile","0.9",214
"Copycat","2026-05-16",3,"2026-06-06","Adults","quantile","0.95",241
"Copycat","2026-05-16",3,"2026-06-06","Adults","quantile","0.975",278
"Copycat","2026-05-16",3,"2026-06-06","Adults","quantile","0.99",328
"Copycat","2026-05-16",-2,"2026-05-02","Overall","quantile","0.01",158
"Copycat","2026-05-16",-2,"2026-05-02","Overall","quantile","0.025",166
"Copycat","2026-05-16",-2,"2026-05-02","Overall","quantile","0.05",175
"Copycat","2026-05-16",-2,"2026-05-02","Overall","quantile","0.1",180
"Copycat","2026-05-16",-2,"2026-05-02","Overall","quantile","0.15",186
"Copycat","2026-05-16",-2,"2026-05-02","Overall","quantile","0.2",190
"Copycat","2026-05-16",-2,"2026-05-02","Overall","quantile","0.25",193
"Copycat","2026-05-16",-2,"2026-05-02","Overall","quantile","0.3",196
"Copycat","2026-05-16",-2,"2026-05-02","Overall","quantile","0.35",199
"Copycat","2026-05-16",-2,"2026-05-02","Overall","quantile","0.4",202
"Copycat","2026-05-16",-2,"2026-05-02","Overall","quantile","0.45",204
"Copycat","2026-05-16",-2,"2026-05-02","Overall","quantile","0.5",207
"Copycat","2026-05-16",-2,"2026-05-02","Overall","quantile","0.55",210
"Copycat","2026-05-16",-2,"2026-05-02","Overall","quantile","0.6",213
"Copycat","2026-05-16",-2,"2026-05-02","Overall","quantile","0.65",217
"Copycat","2026-05-16",-2,"2026-05-02","Overall","quantile","0.7",220
"Copycat","2026-05-16",-2,"2026-05-02","Overall","quantile","0.75",224
"Copycat","2026-05-16",-2,"2026-05-02","Overall","quantile","0.8",228
"Copycat","2026-05-16",-2,"2026-05-02","Overall","quantile","0.85",232
"Copycat","2026-05-16",-2,"2026-05-02","Overall","quantile","0.9",238
"Copycat","2026-05-16",-2,"2026-05-02","Overall","quantile","0.95",248
"Copycat","2026-05-16",-2,"2026-05-02","Overall","quantile","0.975",256
"Copycat","2026-05-16",-2,"2026-05-02","Overall","quantile","0.99",268
"Copycat","2026-05-16",-1,"2026-05-09","Overall","quantile","0.01",160
"Copycat","2026-05-16",-1,"2026-05-09","Overall","quantile","0.025",168
"Copycat","2026-05-16",-1,"2026-05-09","Overall","quantile","0.05",176
"Copycat","2026-05-16",-1,"2026-05-09","Overall","quantile","0.1",187
"Copycat","2026-05-16",-1,"2026-05-09","Overall","quantile","0.15",194
"Copycat","2026-05-16",-1,"2026-05-09","Overall","quantile","0.2",201
"Copycat","2026-05-16",-1,"2026-05-09","Overall","quantile","0.25",205
"Copycat","2026-05-16",-1,"2026-05-09","Overall","quantile","0.3",210
"Copycat","2026-05-16",-1,"2026-05-09","Overall","quantile","0.35",213
"Copycat","2026-05-16",-1,"2026-05-09","Overall","quantile","0.4",217
"Copycat","2026-05-16",-1,"2026-05-09","Overall","quantile","0.45",221
"Copycat","2026-05-16",-1,"2026-05-09","Overall","quantile","0.5",226
"Copycat","2026-05-16",-1,"2026-05-09","Overall","quantile","0.55",230
"Copycat","2026-05-16",-1,"2026-05-09","Overall","quantile","0.6",233
"Copycat","2026-05-16",-1,"2026-05-09","Overall","quantile","0.65",237
"Copycat","2026-05-16",-1,"2026-05-09","Overall","quantile","0.7",242
"Copycat","2026-05-16",-1,"2026-05-09","Overall","quantile","0.75",247
"Copycat","2026-05-16",-1,"2026-05-09","Overall","quantile","0.8",252
"Copycat","2026-05-16",-1,"2026-05-09","Overall","quantile","0.85",263
"Copycat","2026-05-16",-1,"2026-05-09","Overall","quantile","0.9",272
"Copycat","2026-05-16",-1,"2026-05-09","Overall","quantile","0.95",290
"Copycat","2026-05-16",-1,"2026-05-09","Overall","quantile","0.975",305
"Copycat","2026-05-16",-1,"2026-05-09","Overall","quantile","0.99",327
"Copycat","2026-05-16",0,"2026-05-16","Overall","quantile","0.01",160
"Copycat","2026-05-16",0,"2026-05-16","Overall","quantile","0.025",167
"Copycat","2026-05-16",0,"2026-05-16","Overall","quantile","0.05",181
"Copycat","2026-05-16",0,"2026-05-16","Overall","quantile","0.1",191
"Copycat","2026-05-16",0,"2026-05-16","Overall","quantile","0.15",199
"Copycat","2026-05-16",0,"2026-05-16","Overall","quantile","0.2",206
"Copycat","2026-05-16",0,"2026-05-16","Overall","quantile","0.25",213
"Copycat","2026-05-16",0,"2026-05-16","Overall","quantile","0.3",220
"Copycat","2026-05-16",0,"2026-05-16","Overall","quantile","0.35",227
"Copycat","2026-05-16",0,"2026-05-16","Overall","quantile","0.4",232
"Copycat","2026-05-16",0,"2026-05-16","Overall","quantile","0.45",238
"Copycat","2026-05-16",0,"2026-05-16","Overall","quantile","0.5",243
"Copycat","2026-05-16",0,"2026-05-16","Overall","quantile","0.55",248
"Copycat","2026-05-16",0,"2026-05-16","Overall","quantile","0.6",254
"Copycat","2026-05-16",0,"2026-05-16","Overall","quantile","0.65",260
"Copycat","2026-05-16",0,"2026-05-16","Overall","quantile","0.7",266
"Copycat","2026-05-16",0,"2026-05-16","Overall","quantile","0.75",273
"Copycat","2026-05-16",0,"2026-05-16","Overall","quantile","0.8",281
"Copycat","2026-05-16",0,"2026-05-16","Overall","quantile","0.85",292
"Copycat","2026-05-16",0,"2026-05-16","Overall","quantile","0.9",305
"Copycat","2026-05-16",0,"2026-05-16","Overall","quantile","0.95",327
"Copycat","2026-05-16",0,"2026-05-16","Overall","quantile","0.975",359
"Copycat","2026-05-16",0,"2026-05-16","Overall","quantile","0.99",386
"Copycat","2026-05-16",1,"2026-05-23","Overall","quantile","0.01",156
"Copycat","2026-05-16",1,"2026-05-23","Overall","quantile","0.025",169
"Copycat","2026-05-16",1,"2026-05-23","Overall","quantile","0.05",178
"Copycat","2026-05-16",1,"2026-05-23","Overall","quantile","0.1",193
"Copycat","2026-05-16",1,"2026-05-23","Overall","quantile","0.15",204
"Copycat","2026-05-16",1,"2026-05-23","Overall","quantile","0.2",212
"Copycat","2026-05-16",1,"2026-05-23","Overall","quantile","0.25",219
"Copycat","2026-05-16",1,"2026-05-23","Overall","quantile","0.3",227
"Copycat","2026-05-16",1,"2026-05-23","Overall","quantile","0.35",234
"Copycat","2026-05-16",1,"2026-05-23","Overall","quantile","0.4",239
"Copycat","2026-05-16",1,"2026-05-23","Overall","quantile","0.45",249
"Copycat","2026-05-16",1,"2026-05-23","Overall","quantile","0.5",254
"Copycat","2026-05-16",1,"2026-05-23","Overall","quantile","0.55",262
"Copycat","2026-05-16",1,"2026-05-23","Overall","quantile","0.6",267
"Copycat","2026-05-16",1,"2026-05-23","Overall","quantile","0.65",277
"Copycat","2026-05-16",1,"2026-05-23","Overall","quantile","0.7",285
"Copycat","2026-05-16",1,"2026-05-23","Overall","quantile","0.75",295
"Copycat","2026-05-16",1,"2026-05-23","Overall","quantile","0.8",306
"Copycat","2026-05-16",1,"2026-05-23","Overall","quantile","0.85",320
"Copycat","2026-05-16",1,"2026-05-23","Overall","quantile","0.9",344
"Copycat","2026-05-16",1,"2026-05-23","Overall","quantile","0.95",377
"Copycat","2026-05-16",1,"2026-05-23","Overall","quantile","0.975",413
"Copycat","2026-05-16",1,"2026-05-23","Overall","quantile","0.99",454
"Copycat","2026-05-16",2,"2026-05-30","Overall","quantile","0.01",148
"Copycat","2026-05-16",2,"2026-05-30","Overall","quantile","0.025",164
"Copycat","2026-05-16",2,"2026-05-30","Overall","quantile","0.05",177
"Copycat","2026-05-16",2,"2026-05-30","Overall","quantile","0.1",190
"Copycat","2026-05-16",2,"2026-05-30","Overall","quantile","0.15",200
"Copycat","2026-05-16",2,"2026-05-30","Overall","quantile","0.2",211
"Copycat","2026-05-16",2,"2026-05-30","Overall","quantile","0.25",219
"Copycat","2026-05-16",2,"2026-05-30","Overall","quantile","0.3",229
"Copycat","2026-05-16",2,"2026-05-30","Overall","quantile","0.35",237
"Copycat","2026-05-16",2,"2026-05-30","Overall","quantile","0.4",244
"Copycat","2026-05-16",2,"2026-05-30","Overall","quantile","0.45",253
"Copycat","2026-05-16",2,"2026-05-30","Overall","quantile","0.5",261
"Copycat","2026-05-16",2,"2026-05-30","Overall","quantile","0.55",270
"Copycat","2026-05-16",2,"2026-05-30","Overall","quantile","0.6",276
"Copycat","2026-05-16",2,"2026-05-30","Overall","quantile","0.65",289
"Copycat","2026-05-16",2,"2026-05-30","Overall","quantile","0.7",298
"Copycat","2026-05-16",2,"2026-05-30","Overall","quantile","0.75",312
"Copycat","2026-05-16",2,"2026-05-30","Overall","quantile","0.8",327
"Copycat","2026-05-16",2,"2026-05-30","Overall","quantile","0.85",345
"Copycat","2026-05-16",2,"2026-05-30","Overall","quantile","0.9",369
"Copycat","2026-05-16",2,"2026-05-30","Overall","quantile","0.95",413
"Copycat","2026-05-16",2,"2026-05-30","Overall","quantile","0.975",454
"Copycat","2026-05-16",2,"2026-05-30","Overall","quantile","0.99",517
"Copycat","2026-05-16",3,"2026-06-06","Overall","quantile","0.01",145
"Copycat","2026-05-16",3,"2026-06-06","Overall","quantile","0.025",157
"Copycat","2026-05-16",3,"2026-06-06","Overall","quantile","0.05",172
"Copycat","2026-05-16",3,"2026-06-06","Overall","quantile","0.1",186
"Copycat","2026-05-16",3,"2026-06-06","Overall","quantile","0.15",197
"Copycat","2026-05-16",3,"2026-06-06","Overall","quantile","0.2",208
"Copycat","2026-05-16",3,"2026-06-06","Overall","quantile","0.25",218
"Copycat","2026-05-16",3,"2026-06-06","Overall","quantile","0.3",228
"Copycat","2026-05-16",3,"2026-06-06","Overall","quantile","0.35",237
"Copycat","2026-05-16",3,"2026-06-06","Overall","quantile","0.4",245
"Copycat","2026-05-16",3,"2026-06-06","Overall","quantile","0.45",253
"Copycat","2026-05-16",3,"2026-06-06","Overall","quantile","0.5",262
"Copycat","2026-05-16",3,"2026-06-06","Overall","quantile","0.55",273
"Copycat","2026-05-16",3,"2026-06-06","Overall","quantile","0.6",282
"Copycat","2026-05-16",3,"2026-06-06","Overall","quantile","0.65",295
"Copycat","2026-05-16",3,"2026-06-06","Overall","quantile","0.7",306
"Copycat","2026-05-16",3,"2026-06-06","Overall","quantile","0.75",325
"Copycat","2026-05-16",3,"2026-06-06","Overall","quantile","0.8",339
"Copycat","2026-05-16",3,"2026-06-06","Overall","quantile","0.85",362
"Copycat","2026-05-16",3,"2026-06-06","Overall","quantile","0.9",388
"Copycat","2026-05-16",3,"2026-06-06","Overall","quantile","0.95",446
"Copycat","2026-05-16",3,"2026-06-06","Overall","quantile","0.975",494
"Copycat","2026-05-16",3,"2026-06-06","Overall","quantile","0.99",580
"Copycat","2026-05-16",-2,"2026-05-02","Pediatrics","quantile","0.01",66
"Copycat","2026-05-16",-2,"2026-05-02","Pediatrics","quantile","0.025",69
"Copycat","2026-05-16",-2,"2026-05-02","Pediatrics","quantile","0.05",73
"Copycat","2026-05-16",-2,"2026-05-02","Pediatrics","quantile","0.1",77
"Copycat","2026-05-16",-2,"2026-05-02","Pediatrics","quantile","0.15",80
"Copycat","2026-05-16",-2,"2026-05-02","Pediatrics","quantile","0.2",83
"Copycat","2026-05-16",-2,"2026-05-02","Pediatrics","quantile","0.25",85
"Copycat","2026-05-16",-2,"2026-05-02","Pediatrics","quantile","0.3",86
"Copycat","2026-05-16",-2,"2026-05-02","Pediatrics","quantile","0.35",88
"Copycat","2026-05-16",-2,"2026-05-02","Pediatrics","quantile","0.4",90
"Copycat","2026-05-16",-2,"2026-05-02","Pediatrics","quantile","0.45",91
"Copycat","2026-05-16",-2,"2026-05-02","Pediatrics","quantile","0.5",93
"Copycat","2026-05-16",-2,"2026-05-02","Pediatrics","quantile","0.55",94
"Copycat","2026-05-16",-2,"2026-05-02","Pediatrics","quantile","0.6",96
"Copycat","2026-05-16",-2,"2026-05-02","Pediatrics","quantile","0.65",98
"Copycat","2026-05-16",-2,"2026-05-02","Pediatrics","quantile","0.7",100
"Copycat","2026-05-16",-2,"2026-05-02","Pediatrics","quantile","0.75",102
"Copycat","2026-05-16",-2,"2026-05-02","Pediatrics","quantile","0.8",105
"Copycat","2026-05-16",-2,"2026-05-02","Pediatrics","quantile","0.85",107
"Copycat","2026-05-16",-2,"2026-05-02","Pediatrics","quantile","0.9",110
"Copycat","2026-05-16",-2,"2026-05-02","Pediatrics","quantile","0.95",117
"Copycat","2026-05-16",-2,"2026-05-02","Pediatrics","quantile","0.975",121
"Copycat","2026-05-16",-2,"2026-05-02","Pediatrics","quantile","0.99",126
"Copycat","2026-05-16",-1,"2026-05-09","Pediatrics","quantile","0.01",67
"Copycat","2026-05-16",-1,"2026-05-09","Pediatrics","quantile","0.025",72
"Copycat","2026-05-16",-1,"2026-05-09","Pediatrics","quantile","0.05",76
"Copycat","2026-05-16",-1,"2026-05-09","Pediatrics","quantile","0.1",82
"Copycat","2026-05-16",-1,"2026-05-09","Pediatrics","quantile","0.15",85
"Copycat","2026-05-16",-1,"2026-05-09","Pediatrics","quantile","0.2",88
"Copycat","2026-05-16",-1,"2026-05-09","Pediatrics","quantile","0.25",90
"Copycat","2026-05-16",-1,"2026-05-09","Pediatrics","quantile","0.3",93
"Copycat","2026-05-16",-1,"2026-05-09","Pediatrics","quantile","0.35",95
"Copycat","2026-05-16",-1,"2026-05-09","Pediatrics","quantile","0.4",97
"Copycat","2026-05-16",-1,"2026-05-09","Pediatrics","quantile","0.45",99
"Copycat","2026-05-16",-1,"2026-05-09","Pediatrics","quantile","0.5",101
"Copycat","2026-05-16",-1,"2026-05-09","Pediatrics","quantile","0.55",103
"Copycat","2026-05-16",-1,"2026-05-09","Pediatrics","quantile","0.6",105
"Copycat","2026-05-16",-1,"2026-05-09","Pediatrics","quantile","0.65",107
"Copycat","2026-05-16",-1,"2026-05-09","Pediatrics","quantile","0.7",110
"Copycat","2026-05-16",-1,"2026-05-09","Pediatrics","quantile","0.75",113
"Copycat","2026-05-16",-1,"2026-05-09","Pediatrics","quantile","0.8",117
"Copycat","2026-05-16",-1,"2026-05-09","Pediatrics","quantile","0.85",122
"Copycat","2026-05-16",-1,"2026-05-09","Pediatrics","quantile","0.9",126
"Copycat","2026-05-16",-1,"2026-05-09","Pediatrics","quantile","0.95",135
"Copycat","2026-05-16",-1,"2026-05-09","Pediatrics","quantile","0.975",141
"Copycat","2026-05-16",-1,"2026-05-09","Pediatrics","quantile","0.99",158
"Copycat","2026-05-16",0,"2026-05-16","Pediatrics","quantile","0.01",68
"Copycat","2026-05-16",0,"2026-05-16","Pediatrics","quantile","0.025",74
"Copycat","2026-05-16",0,"2026-05-16","Pediatrics","quantile","0.05",77
"Copycat","2026-05-16",0,"2026-05-16","Pediatrics","quantile","0.1",83
"Copycat","2026-05-16",0,"2026-05-16","Pediatrics","quantile","0.15",88
"Copycat","2026-05-16",0,"2026-05-16","Pediatrics","quantile","0.2",91
"Copycat","2026-05-16",0,"2026-05-16","Pediatrics","quantile","0.25",95
"Copycat","2026-05-16",0,"2026-05-16","Pediatrics","quantile","0.3",98
"Copycat","2026-05-16",0,"2026-05-16","Pediatrics","quantile","0.35",101
"Copycat","2026-05-16",0,"2026-05-16","Pediatrics","quantile","0.4",104
"Copycat","2026-05-16",0,"2026-05-16","Pediatrics","quantile","0.45",106
"Copycat","2026-05-16",0,"2026-05-16","Pediatrics","quantile","0.5",109
"Copycat","2026-05-16",0,"2026-05-16","Pediatrics","quantile","0.55",112
"Copycat","2026-05-16",0,"2026-05-16","Pediatrics","quantile","0.6",115
"Copycat","2026-05-16",0,"2026-05-16","Pediatrics","quantile","0.65",118
"Copycat","2026-05-16",0,"2026-05-16","Pediatrics","quantile","0.7",121
"Copycat","2026-05-16",0,"2026-05-16","Pediatrics","quantile","0.75",124
"Copycat","2026-05-16",0,"2026-05-16","Pediatrics","quantile","0.8",128
"Copycat","2026-05-16",0,"2026-05-16","Pediatrics","quantile","0.85",133
"Copycat","2026-05-16",0,"2026-05-16","Pediatrics","quantile","0.9",141
"Copycat","2026-05-16",0,"2026-05-16","Pediatrics","quantile","0.95",154
"Copycat","2026-05-16",0,"2026-05-16","Pediatrics","quantile","0.975",167
"Copycat","2026-05-16",0,"2026-05-16","Pediatrics","quantile","0.99",181
"Copycat","2026-05-16",1,"2026-05-23","Pediatrics","quantile","0.01",69
"Copycat","2026-05-16",1,"2026-05-23","Pediatrics","quantile","0.025",75
"Copycat","2026-05-16",1,"2026-05-23","Pediatrics","quantile","0.05",78
"Copycat","2026-05-16",1,"2026-05-23","Pediatrics","quantile","0.1",85
"Copycat","2026-05-16",1,"2026-05-23","Pediatrics","quantile","0.15",90
"Copycat","2026-05-16",1,"2026-05-23","Pediatrics","quantile","0.2",94
"Copycat","2026-05-16",1,"2026-05-23","Pediatrics","quantile","0.25",97
"Copycat","2026-05-16",1,"2026-05-23","Pediatrics","quantile","0.3",101
"Copycat","2026-05-16",1,"2026-05-23","Pediatrics","quantile","0.35",104
"Copycat","2026-05-16",1,"2026-05-23","Pediatrics","quantile","0.4",108
"Copycat","2026-05-16",1,"2026-05-23","Pediatrics","quantile","0.45",112
"Copycat","2026-05-16",1,"2026-05-23","Pediatrics","quantile","0.5",115
"Copycat","2026-05-16",1,"2026-05-23","Pediatrics","quantile","0.55",118
"Copycat","2026-05-16",1,"2026-05-23","Pediatrics","quantile","0.6",122
"Copycat","2026-05-16",1,"2026-05-23","Pediatrics","quantile","0.65",126
"Copycat","2026-05-16",1,"2026-05-23","Pediatrics","quantile","0.7",130
"Copycat","2026-05-16",1,"2026-05-23","Pediatrics","quantile","0.75",134
"Copycat","2026-05-16",1,"2026-05-23","Pediatrics","quantile","0.8",139
"Copycat","2026-05-16",1,"2026-05-23","Pediatrics","quantile","0.85",148
"Copycat","2026-05-16",1,"2026-05-23","Pediatrics","quantile","0.9",159
"Copycat","2026-05-16",1,"2026-05-23","Pediatrics","quantile","0.95",184
"Copycat","2026-05-16",1,"2026-05-23","Pediatrics","quantile","0.975",203
"Copycat","2026-05-16",1,"2026-05-23","Pediatrics","quantile","0.99",220
"Copycat","2026-05-16",2,"2026-05-30","Pediatrics","quantile","0.01",65
"Copycat","2026-05-16",2,"2026-05-30","Pediatrics","quantile","0.025",70
"Copycat","2026-05-16",2,"2026-05-30","Pediatrics","quantile","0.05",77
"Copycat","2026-05-16",2,"2026-05-30","Pediatrics","quantile","0.1",84
"Copycat","2026-05-16",2,"2026-05-30","Pediatrics","quantile","0.15",89
"Copycat","2026-05-16",2,"2026-05-30","Pediatrics","quantile","0.2",95
"Copycat","2026-05-16",2,"2026-05-30","Pediatrics","quantile","0.25",99
"Copycat","2026-05-16",2,"2026-05-30","Pediatrics","quantile","0.3",102
"Copycat","2026-05-16",2,"2026-05-30","Pediatrics","quantile","0.35",106
"Copycat","2026-05-16",2,"2026-05-30","Pediatrics","quantile","0.4",110
"Copycat","2026-05-16",2,"2026-05-30","Pediatrics","quantile","0.45",114
"Copycat","2026-05-16",2,"2026-05-30","Pediatrics","quantile","0.5",118
"Copycat","2026-05-16",2,"2026-05-30","Pediatrics","quantile","0.55",122
"Copycat","2026-05-16",2,"2026-05-30","Pediatrics","quantile","0.6",127
"Copycat","2026-05-16",2,"2026-05-30","Pediatrics","quantile","0.65",131
"Copycat","2026-05-16",2,"2026-05-30","Pediatrics","quantile","0.7",134
"Copycat","2026-05-16",2,"2026-05-30","Pediatrics","quantile","0.75",141
"Copycat","2026-05-16",2,"2026-05-30","Pediatrics","quantile","0.8",148
"Copycat","2026-05-16",2,"2026-05-30","Pediatrics","quantile","0.85",160
"Copycat","2026-05-16",2,"2026-05-30","Pediatrics","quantile","0.9",175
"Copycat","2026-05-16",2,"2026-05-30","Pediatrics","quantile","0.95",204
"Copycat","2026-05-16",2,"2026-05-30","Pediatrics","quantile","0.975",227
"Copycat","2026-05-16",2,"2026-05-30","Pediatrics","quantile","0.99",244
"Copycat","2026-05-16",3,"2026-06-06","Pediatrics","quantile","0.01",61
"Copycat","2026-05-16",3,"2026-06-06","Pediatrics","quantile","0.025",67
"Copycat","2026-05-16",3,"2026-06-06","Pediatrics","quantile","0.05",73
"Copycat","2026-05-16",3,"2026-06-06","Pediatrics","quantile","0.1",80
"Copycat","2026-05-16",3,"2026-06-06","Pediatrics","quantile","0.15",88
"Copycat","2026-05-16",3,"2026-06-06","Pediatrics","quantile","0.2",94
"Copycat","2026-05-16",3,"2026-06-06","Pediatrics","quantile","0.25",98
"Copycat","2026-05-16",3,"2026-06-06","Pediatrics","quantile","0.3",103
"Copycat","2026-05-16",3,"2026-06-06","Pediatrics","quantile","0.35",106
"Copycat","2026-05-16",3,"2026-06-06","Pediatrics","quantile","0.4",110
"Copycat","2026-05-16",3,"2026-06-06","Pediatrics","quantile","0.45",114
"Copycat","2026-05-16",3,"2026-06-06","Pediatrics","quantile","0.5",118
"Copycat","2026-05-16",3,"2026-06-06","Pediatrics","quantile","0.55",124
"Copycat","2026-05-16",3,"2026-06-06","Pediatrics","quantile","0.6",128
"Copycat","2026-05-16",3,"2026-06-06","Pediatrics","quantile","0.65",134
"Copycat","2026-05-16",3,"2026-06-06","Pediatrics","quantile","0.7",141
"Copycat","2026-05-16",3,"2026-06-06","Pediatrics","quantile","0.75",148
"Copycat","2026-05-16",3,"2026-06-06","Pediatrics","quantile","0.8",157
"Copycat","2026-05-16",3,"2026-06-06","Pediatrics","quantile","0.85",167
"Copycat","2026-05-16",3,"2026-06-06","Pediatrics","quantile","0.9",186
"Copycat","2026-05-16",3,"2026-06-06","Pediatrics","quantile","0.95",215
"Copycat","2026-05-16",3,"2026-06-06","Pediatrics","quantile","0.975",245
"Copycat","2026-05-16",3,"2026-06-06","Pediatrics","quantile","0.99",265
"CalCopycat","2026-05-16",-2,"2026-05-02","Adults","quantile","0.01",83
"CalCopycat","2026-05-16",-2,"2026-05-02","Adults","quantile","0.025",87
"CalCopycat","2026-05-16",-2,"2026-05-02","Adults","quantile","0.05",91
"CalCopycat","2026-05-16",-2,"2026-05-02","Adults","quantile","0.1",96
"CalCopycat","2026-05-16",-2,"2026-05-02","Adults","quantile","0.15",99
"CalCopycat","2026-05-16",-2,"2026-05-02","Adults","quantile","0.2",102
"CalCopycat","2026-05-16",-2,"2026-05-02","Adults","quantile","0.25",103
"CalCopycat","2026-05-16",-2,"2026-05-02","Adults","quantile","0.3",105
"CalCopycat","2026-05-16",-2,"2026-05-02","Adults","quantile","0.35",107
"CalCopycat","2026-05-16",-2,"2026-05-02","Adults","quantile","0.4",109
"CalCopycat","2026-05-16",-2,"2026-05-02","Adults","quantile","0.45",111
"CalCopycat","2026-05-16",-2,"2026-05-02","Adults","quantile","0.5",113
"CalCopycat","2026-05-16",-2,"2026-05-02","Adults","quantile","0.55",115
"CalCopycat","2026-05-16",-2,"2026-05-02","Adults","quantile","0.6",117
"CalCopycat","2026-05-16",-2,"2026-05-02","Adults","quantile","0.65",119
"CalCopycat","2026-05-16",-2,"2026-05-02","Adults","quantile","0.7",122
"CalCopycat","2026-05-16",-2,"2026-05-02","Adults","quantile","0.75",125
"CalCopycat","2026-05-16",-2,"2026-05-02","Adults","quantile","0.8",128
"CalCopycat","2026-05-16",-2,"2026-05-02","Adults","quantile","0.85",134
"CalCopycat","2026-05-16",-2,"2026-05-02","Adults","quantile","0.9",142
"CalCopycat","2026-05-16",-2,"2026-05-02","Adults","quantile","0.95",154
"CalCopycat","2026-05-16",-2,"2026-05-02","Adults","quantile","0.975",165
"CalCopycat","2026-05-16",-2,"2026-05-02","Adults","quantile","0.99",177
"CalCopycat","2026-05-16",-1,"2026-05-09","Adults","quantile","0.01",75
"CalCopycat","2026-05-16",-1,"2026-05-09","Adults","quantile","0.025",80
"CalCopycat","2026-05-16",-1,"2026-05-09","Adults","quantile","0.05",85
"CalCopycat","2026-05-16",-1,"2026-05-09","Adults","quantile","0.1",92
"CalCopycat","2026-05-16",-1,"2026-05-09","Adults","quantile","0.15",97
"CalCopycat","2026-05-16",-1,"2026-05-09","Adults","quantile","0.2",102
"CalCopycat","2026-05-16",-1,"2026-05-09","Adults","quantile","0.25",105
"CalCopycat","2026-05-16",-1,"2026-05-09","Adults","quantile","0.3",108
"CalCopycat","2026-05-16",-1,"2026-05-09","Adults","quantile","0.35",111
"CalCopycat","2026-05-16",-1,"2026-05-09","Adults","quantile","0.4",115
"CalCopycat","2026-05-16",-1,"2026-05-09","Adults","quantile","0.45",119
"CalCopycat","2026-05-16",-1,"2026-05-09","Adults","quantile","0.5",123
"CalCopycat","2026-05-16",-1,"2026-05-09","Adults","quantile","0.55",126
"CalCopycat","2026-05-16",-1,"2026-05-09","Adults","quantile","0.6",131
"CalCopycat","2026-05-16",-1,"2026-05-09","Adults","quantile","0.65",134
"CalCopycat","2026-05-16",-1,"2026-05-09","Adults","quantile","0.7",139
"CalCopycat","2026-05-16",-1,"2026-05-09","Adults","quantile","0.75",146
"CalCopycat","2026-05-16",-1,"2026-05-09","Adults","quantile","0.8",154
"CalCopycat","2026-05-16",-1,"2026-05-09","Adults","quantile","0.85",163
"CalCopycat","2026-05-16",-1,"2026-05-09","Adults","quantile","0.9",175
"CalCopycat","2026-05-16",-1,"2026-05-09","Adults","quantile","0.95",192
"CalCopycat","2026-05-16",-1,"2026-05-09","Adults","quantile","0.975",214
"CalCopycat","2026-05-16",-1,"2026-05-09","Adults","quantile","0.99",236
"CalCopycat","2026-05-16",0,"2026-05-16","Adults","quantile","0.01",70
"CalCopycat","2026-05-16",0,"2026-05-16","Adults","quantile","0.025",74
"CalCopycat","2026-05-16",0,"2026-05-16","Adults","quantile","0.05",82
"CalCopycat","2026-05-16",0,"2026-05-16","Adults","quantile","0.1",91
"CalCopycat","2026-05-16",0,"2026-05-16","Adults","quantile","0.15",96
"CalCopycat","2026-05-16",0,"2026-05-16","Adults","quantile","0.2",102
"CalCopycat","2026-05-16",0,"2026-05-16","Adults","quantile","0.25",107
"CalCopycat","2026-05-16",0,"2026-05-16","Adults","quantile","0.3",113
"CalCopycat","2026-05-16",0,"2026-05-16","Adults","quantile","0.35",117
"CalCopycat","2026-05-16",0,"2026-05-16","Adults","quantile","0.4",121
"CalCopycat","2026-05-16",0,"2026-05-16","Adults","quantile","0.45",127
"CalCopycat","2026-05-16",0,"2026-05-16","Adults","quantile","0.5",133
"CalCopycat","2026-05-16",0,"2026-05-16","Adults","quantile","0.55",137
"CalCopycat","2026-05-16",0,"2026-05-16","Adults","quantile","0.6",144
"CalCopycat","2026-05-16",0,"2026-05-16","Adults","quantile","0.65",149
"CalCopycat","2026-05-16",0,"2026-05-16","Adults","quantile","0.7",155
"CalCopycat","2026-05-16",0,"2026-05-16","Adults","quantile","0.75",164
"CalCopycat","2026-05-16",0,"2026-05-16","Adults","quantile","0.8",177
"CalCopycat","2026-05-16",0,"2026-05-16","Adults","quantile","0.85",188
"CalCopycat","2026-05-16",0,"2026-05-16","Adults","quantile","0.9",208
"CalCopycat","2026-05-16",0,"2026-05-16","Adults","quantile","0.95",235
"CalCopycat","2026-05-16",0,"2026-05-16","Adults","quantile","0.975",270
"CalCopycat","2026-05-16",0,"2026-05-16","Adults","quantile","0.99",302
"CalCopycat","2026-05-16",1,"2026-05-23","Adults","quantile","0.01",65
"CalCopycat","2026-05-16",1,"2026-05-23","Adults","quantile","0.025",73
"CalCopycat","2026-05-16",1,"2026-05-23","Adults","quantile","0.05",80
"CalCopycat","2026-05-16",1,"2026-05-23","Adults","quantile","0.1",91
"CalCopycat","2026-05-16",1,"2026-05-23","Adults","quantile","0.15",98
"CalCopycat","2026-05-16",1,"2026-05-23","Adults","quantile","0.2",105
"CalCopycat","2026-05-16",1,"2026-05-23","Adults","quantile","0.25",110
"CalCopycat","2026-05-16",1,"2026-05-23","Adults","quantile","0.3",116
"CalCopycat","2026-05-16",1,"2026-05-23","Adults","quantile","0.35",123
"CalCopycat","2026-05-16",1,"2026-05-23","Adults","quantile","0.4",128
"CalCopycat","2026-05-16",1,"2026-05-23","Adults","quantile","0.45",135
"CalCopycat","2026-05-16",1,"2026-05-23","Adults","quantile","0.5",140
"CalCopycat","2026-05-16",1,"2026-05-23","Adults","quantile","0.55",147
"CalCopycat","2026-05-16",1,"2026-05-23","Adults","quantile","0.6",155
"CalCopycat","2026-05-16",1,"2026-05-23","Adults","quantile","0.65",163
"CalCopycat","2026-05-16",1,"2026-05-23","Adults","quantile","0.7",171
"CalCopycat","2026-05-16",1,"2026-05-23","Adults","quantile","0.75",181
"CalCopycat","2026-05-16",1,"2026-05-23","Adults","quantile","0.8",195
"CalCopycat","2026-05-16",1,"2026-05-23","Adults","quantile","0.85",208
"CalCopycat","2026-05-16",1,"2026-05-23","Adults","quantile","0.9",231
"CalCopycat","2026-05-16",1,"2026-05-23","Adults","quantile","0.95",267
"CalCopycat","2026-05-16",1,"2026-05-23","Adults","quantile","0.975",299
"CalCopycat","2026-05-16",1,"2026-05-23","Adults","quantile","0.99",373
"CalCopycat","2026-05-16",2,"2026-05-30","Adults","quantile","0.01",62
"CalCopycat","2026-05-16",2,"2026-05-30","Adults","quantile","0.025",68
"CalCopycat","2026-05-16",2,"2026-05-30","Adults","quantile","0.05",76
"CalCopycat","2026-05-16",2,"2026-05-30","Adults","quantile","0.1",87
"CalCopycat","2026-05-16",2,"2026-05-30","Adults","quantile","0.15",97
"CalCopycat","2026-05-16",2,"2026-05-30","Adults","quantile","0.2",104
"CalCopycat","2026-05-16",2,"2026-05-30","Adults","quantile","0.25",111
"CalCopycat","2026-05-16",2,"2026-05-30","Adults","quantile","0.3",119
"CalCopycat","2026-05-16",2,"2026-05-30","Adults","quantile","0.35",125
"CalCopycat","2026-05-16",2,"2026-05-30","Adults","quantile","0.4",131
"CalCopycat","2026-05-16",2,"2026-05-30","Adults","quantile","0.45",138
"CalCopycat","2026-05-16",2,"2026-05-30","Adults","quantile","0.5",146
"CalCopycat","2026-05-16",2,"2026-05-30","Adults","quantile","0.55",155
"CalCopycat","2026-05-16",2,"2026-05-30","Adults","quantile","0.6",163
"CalCopycat","2026-05-16",2,"2026-05-30","Adults","quantile","0.65",171
"CalCopycat","2026-05-16",2,"2026-05-30","Adults","quantile","0.7",184
"CalCopycat","2026-05-16",2,"2026-05-30","Adults","quantile","0.75",194
"CalCopycat","2026-05-16",2,"2026-05-30","Adults","quantile","0.8",209
"CalCopycat","2026-05-16",2,"2026-05-30","Adults","quantile","0.85",227
"CalCopycat","2026-05-16",2,"2026-05-30","Adults","quantile","0.9",258
"CalCopycat","2026-05-16",2,"2026-05-30","Adults","quantile","0.95",297
"CalCopycat","2026-05-16",2,"2026-05-30","Adults","quantile","0.975",348
"CalCopycat","2026-05-16",2,"2026-05-30","Adults","quantile","0.99",396
"CalCopycat","2026-05-16",3,"2026-06-06","Adults","quantile","0.01",57
"CalCopycat","2026-05-16",3,"2026-06-06","Adults","quantile","0.025",62
"CalCopycat","2026-05-16",3,"2026-06-06","Adults","quantile","0.05",73
"CalCopycat","2026-05-16",3,"2026-06-06","Adults","quantile","0.1",85
"CalCopycat","2026-05-16",3,"2026-06-06","Adults","quantile","0.15",92
"CalCopycat","2026-05-16",3,"2026-06-06","Adults","quantile","0.2",100
"CalCopycat","2026-05-16",3,"2026-06-06","Adults","quantile","0.25",109
"CalCopycat","2026-05-16",3,"2026-06-06","Adults","quantile","0.3",115
"CalCopycat","2026-05-16",3,"2026-06-06","Adults","quantile","0.35",124
"CalCopycat","2026-05-16",3,"2026-06-06","Adults","quantile","0.4",131
"CalCopycat","2026-05-16",3,"2026-06-06","Adults","quantile","0.45",139
"CalCopycat","2026-05-16",3,"2026-06-06","Adults","quantile","0.5",147
"CalCopycat","2026-05-16",3,"2026-06-06","Adults","quantile","0.55",155
"CalCopycat","2026-05-16",3,"2026-06-06","Adults","quantile","0.6",165
"CalCopycat","2026-05-16",3,"2026-06-06","Adults","quantile","0.65",176
"CalCopycat","2026-05-16",3,"2026-06-06","Adults","quantile","0.7",187
"CalCopycat","2026-05-16",3,"2026-06-06","Adults","quantile","0.75",201
"CalCopycat","2026-05-16",3,"2026-06-06","Adults","quantile","0.8",219
"CalCopycat","2026-05-16",3,"2026-06-06","Adults","quantile","0.85",250
"CalCopycat","2026-05-16",3,"2026-06-06","Adults","quantile","0.9",282
"CalCopycat","2026-05-16",3,"2026-06-06","Adults","quantile","0.95",322
"CalCopycat","2026-05-16",3,"2026-06-06","Adults","quantile","0.975",397
"CalCopycat","2026-05-16",3,"2026-06-06","Adults","quantile","0.99",476
"CalCopycat","2026-05-16",-2,"2026-05-02","Overall","quantile","0.01",153
"CalCopycat","2026-05-16",-2,"2026-05-02","Overall","quantile","0.025",162
"CalCopycat","2026-05-16",-2,"2026-05-02","Overall","quantile","0.05",166
"CalCopycat","2026-05-16",-2,"2026-05-02","Overall","quantile","0.1",173
"CalCopycat","2026-05-16",-2,"2026-05-02","Overall","quantile","0.15",178
"CalCopycat","2026-05-16",-2,"2026-05-02","Overall","quantile","0.2",183
"CalCopycat","2026-05-16",-2,"2026-05-02","Overall","quantile","0.25",187
"CalCopycat","2026-05-16",-2,"2026-05-02","Overall","quantile","0.3",191
"CalCopycat","2026-05-16",-2,"2026-05-02","Overall","quantile","0.35",194
"CalCopycat","2026-05-16",-2,"2026-05-02","Overall","quantile","0.4",197
"CalCopycat","2026-05-16",-2,"2026-05-02","Overall","quantile","0.45",202
"CalCopycat","2026-05-16",-2,"2026-05-02","Overall","quantile","0.5",206
"CalCopycat","2026-05-16",-2,"2026-05-02","Overall","quantile","0.55",210
"CalCopycat","2026-05-16",-2,"2026-05-02","Overall","quantile","0.6",214
"CalCopycat","2026-05-16",-2,"2026-05-02","Overall","quantile","0.65",218
"CalCopycat","2026-05-16",-2,"2026-05-02","Overall","quantile","0.7",223
"CalCopycat","2026-05-16",-2,"2026-05-02","Overall","quantile","0.75",230
"CalCopycat","2026-05-16",-2,"2026-05-02","Overall","quantile","0.8",237
"CalCopycat","2026-05-16",-2,"2026-05-02","Overall","quantile","0.85",246
"CalCopycat","2026-05-16",-2,"2026-05-02","Overall","quantile","0.9",259
"CalCopycat","2026-05-16",-2,"2026-05-02","Overall","quantile","0.95",275
"CalCopycat","2026-05-16",-2,"2026-05-02","Overall","quantile","0.975",289
"CalCopycat","2026-05-16",-2,"2026-05-02","Overall","quantile","0.99",301
"CalCopycat","2026-05-16",-1,"2026-05-09","Overall","quantile","0.01",136
"CalCopycat","2026-05-16",-1,"2026-05-09","Overall","quantile","0.025",151
"CalCopycat","2026-05-16",-1,"2026-05-09","Overall","quantile","0.05",162
"CalCopycat","2026-05-16",-1,"2026-05-09","Overall","quantile","0.1",171
"CalCopycat","2026-05-16",-1,"2026-05-09","Overall","quantile","0.15",179
"CalCopycat","2026-05-16",-1,"2026-05-09","Overall","quantile","0.2",185
"CalCopycat","2026-05-16",-1,"2026-05-09","Overall","quantile","0.25",191
"CalCopycat","2026-05-16",-1,"2026-05-09","Overall","quantile","0.3",198
"CalCopycat","2026-05-16",-1,"2026-05-09","Overall","quantile","0.35",206
"CalCopycat","2026-05-16",-1,"2026-05-09","Overall","quantile","0.4",213
"CalCopycat","2026-05-16",-1,"2026-05-09","Overall","quantile","0.45",219
"CalCopycat","2026-05-16",-1,"2026-05-09","Overall","quantile","0.5",224
"CalCopycat","2026-05-16",-1,"2026-05-09","Overall","quantile","0.55",231
"CalCopycat","2026-05-16",-1,"2026-05-09","Overall","quantile","0.6",237
"CalCopycat","2026-05-16",-1,"2026-05-09","Overall","quantile","0.65",244
"CalCopycat","2026-05-16",-1,"2026-05-09","Overall","quantile","0.7",252
"CalCopycat","2026-05-16",-1,"2026-05-09","Overall","quantile","0.75",261
"CalCopycat","2026-05-16",-1,"2026-05-09","Overall","quantile","0.8",273
"CalCopycat","2026-05-16",-1,"2026-05-09","Overall","quantile","0.85",286
"CalCopycat","2026-05-16",-1,"2026-05-09","Overall","quantile","0.9",303
"CalCopycat","2026-05-16",-1,"2026-05-09","Overall","quantile","0.95",329
"CalCopycat","2026-05-16",-1,"2026-05-09","Overall","quantile","0.975",349
"CalCopycat","2026-05-16",-1,"2026-05-09","Overall","quantile","0.99",397
"CalCopycat","2026-05-16",0,"2026-05-16","Overall","quantile","0.01",130
"CalCopycat","2026-05-16",0,"2026-05-16","Overall","quantile","0.025",146
"CalCopycat","2026-05-16",0,"2026-05-16","Overall","quantile","0.05",161
"CalCopycat","2026-05-16",0,"2026-05-16","Overall","quantile","0.1",172
"CalCopycat","2026-05-16",0,"2026-05-16","Overall","quantile","0.15",181
"CalCopycat","2026-05-16",0,"2026-05-16","Overall","quantile","0.2",192
"CalCopycat","2026-05-16",0,"2026-05-16","Overall","quantile","0.25",200
"CalCopycat","2026-05-16",0,"2026-05-16","Overall","quantile","0.3",211
"CalCopycat","2026-05-16",0,"2026-05-16","Overall","quantile","0.35",219
"CalCopycat","2026-05-16",0,"2026-05-16","Overall","quantile","0.4",226
"CalCopycat","2026-05-16",0,"2026-05-16","Overall","quantile","0.45",234
"CalCopycat","2026-05-16",0,"2026-05-16","Overall","quantile","0.5",239
"CalCopycat","2026-05-16",0,"2026-05-16","Overall","quantile","0.55",248
"CalCopycat","2026-05-16",0,"2026-05-16","Overall","quantile","0.6",256
"CalCopycat","2026-05-16",0,"2026-05-16","Overall","quantile","0.65",266
"CalCopycat","2026-05-16",0,"2026-05-16","Overall","quantile","0.7",277
"CalCopycat","2026-05-16",0,"2026-05-16","Overall","quantile","0.75",290
"CalCopycat","2026-05-16",0,"2026-05-16","Overall","quantile","0.8",307
"CalCopycat","2026-05-16",0,"2026-05-16","Overall","quantile","0.85",324
"CalCopycat","2026-05-16",0,"2026-05-16","Overall","quantile","0.9",349
"CalCopycat","2026-05-16",0,"2026-05-16","Overall","quantile","0.95",399
"CalCopycat","2026-05-16",0,"2026-05-16","Overall","quantile","0.975",439
"CalCopycat","2026-05-16",0,"2026-05-16","Overall","quantile","0.99",482
"CalCopycat","2026-05-16",1,"2026-05-23","Overall","quantile","0.01",130
"CalCopycat","2026-05-16",1,"2026-05-23","Overall","quantile","0.025",141
"CalCopycat","2026-05-16",1,"2026-05-23","Overall","quantile","0.05",156
"CalCopycat","2026-05-16",1,"2026-05-23","Overall","quantile","0.1",172
"CalCopycat","2026-05-16",1,"2026-05-23","Overall","quantile","0.15",185
"CalCopycat","2026-05-16",1,"2026-05-23","Overall","quantile","0.2",196
"CalCopycat","2026-05-16",1,"2026-05-23","Overall","quantile","0.25",208
"CalCopycat","2026-05-16",1,"2026-05-23","Overall","quantile","0.3",217
"CalCopycat","2026-05-16",1,"2026-05-23","Overall","quantile","0.35",227
"CalCopycat","2026-05-16",1,"2026-05-23","Overall","quantile","0.4",236
"CalCopycat","2026-05-16",1,"2026-05-23","Overall","quantile","0.45",246
"CalCopycat","2026-05-16",1,"2026-05-23","Overall","quantile","0.5",254
"CalCopycat","2026-05-16",1,"2026-05-23","Overall","quantile","0.55",263
"CalCopycat","2026-05-16",1,"2026-05-23","Overall","quantile","0.6",272
"CalCopycat","2026-05-16",1,"2026-05-23","Overall","quantile","0.65",281
"CalCopycat","2026-05-16",1,"2026-05-23","Overall","quantile","0.7",297
"CalCopycat","2026-05-16",1,"2026-05-23","Overall","quantile","0.75",317
"CalCopycat","2026-05-16",1,"2026-05-23","Overall","quantile","0.8",333
"CalCopycat","2026-05-16",1,"2026-05-23","Overall","quantile","0.85",353
"CalCopycat","2026-05-16",1,"2026-05-23","Overall","quantile","0.9",383
"CalCopycat","2026-05-16",1,"2026-05-23","Overall","quantile","0.95",443
"CalCopycat","2026-05-16",1,"2026-05-23","Overall","quantile","0.975",496
"CalCopycat","2026-05-16",1,"2026-05-23","Overall","quantile","0.99",578
"CalCopycat","2026-05-16",2,"2026-05-30","Overall","quantile","0.01",117
"CalCopycat","2026-05-16",2,"2026-05-30","Overall","quantile","0.025",132
"CalCopycat","2026-05-16",2,"2026-05-30","Overall","quantile","0.05",157
"CalCopycat","2026-05-16",2,"2026-05-30","Overall","quantile","0.1",171
"CalCopycat","2026-05-16",2,"2026-05-30","Overall","quantile","0.15",186
"CalCopycat","2026-05-16",2,"2026-05-30","Overall","quantile","0.2",197
"CalCopycat","2026-05-16",2,"2026-05-30","Overall","quantile","0.25",209
"CalCopycat","2026-05-16",2,"2026-05-30","Overall","quantile","0.3",221
"CalCopycat","2026-05-16",2,"2026-05-30","Overall","quantile","0.35",230
"CalCopycat","2026-05-16",2,"2026-05-30","Overall","quantile","0.4",241
"CalCopycat","2026-05-16",2,"2026-05-30","Overall","quantile","0.45",251
"CalCopycat","2026-05-16",2,"2026-05-30","Overall","quantile","0.5",262
"CalCopycat","2026-05-16",2,"2026-05-30","Overall","quantile","0.55",274
"CalCopycat","2026-05-16",2,"2026-05-30","Overall","quantile","0.6",287
"CalCopycat","2026-05-16",2,"2026-05-30","Overall","quantile","0.65",300
"CalCopycat","2026-05-16",2,"2026-05-30","Overall","quantile","0.7",316
"CalCopycat","2026-05-16",2,"2026-05-30","Overall","quantile","0.75",330
"CalCopycat","2026-05-16",2,"2026-05-30","Overall","quantile","0.8",351
"CalCopycat","2026-05-16",2,"2026-05-30","Overall","quantile","0.85",380
"CalCopycat","2026-05-16",2,"2026-05-30","Overall","quantile","0.9",418
"CalCopycat","2026-05-16",2,"2026-05-30","Overall","quantile","0.95",481
"CalCopycat","2026-05-16",2,"2026-05-30","Overall","quantile","0.975",549
"CalCopycat","2026-05-16",2,"2026-05-30","Overall","quantile","0.99",630
"CalCopycat","2026-05-16",3,"2026-06-06","Overall","quantile","0.01",104
"CalCopycat","2026-05-16",3,"2026-06-06","Overall","quantile","0.025",127
"CalCopycat","2026-05-16",3,"2026-06-06","Overall","quantile","0.05",143
"CalCopycat","2026-05-16",3,"2026-06-06","Overall","quantile","0.1",167
"CalCopycat","2026-05-16",3,"2026-06-06","Overall","quantile","0.15",182
"CalCopycat","2026-05-16",3,"2026-06-06","Overall","quantile","0.2",195
"CalCopycat","2026-05-16",3,"2026-06-06","Overall","quantile","0.25",205
"CalCopycat","2026-05-16",3,"2026-06-06","Overall","quantile","0.3",219
"CalCopycat","2026-05-16",3,"2026-06-06","Overall","quantile","0.35",229
"CalCopycat","2026-05-16",3,"2026-06-06","Overall","quantile","0.4",239
"CalCopycat","2026-05-16",3,"2026-06-06","Overall","quantile","0.45",250
"CalCopycat","2026-05-16",3,"2026-06-06","Overall","quantile","0.5",263
"CalCopycat","2026-05-16",3,"2026-06-06","Overall","quantile","0.55",275
"CalCopycat","2026-05-16",3,"2026-06-06","Overall","quantile","0.6",289
"CalCopycat","2026-05-16",3,"2026-06-06","Overall","quantile","0.65",303
"CalCopycat","2026-05-16",3,"2026-06-06","Overall","quantile","0.7",321
"CalCopycat","2026-05-16",3,"2026-06-06","Overall","quantile","0.75",340
"CalCopycat","2026-05-16",3,"2026-06-06","Overall","quantile","0.8",368
"CalCopycat","2026-05-16",3,"2026-06-06","Overall","quantile","0.85",393
"CalCopycat","2026-05-16",3,"2026-06-06","Overall","quantile","0.9",440
"CalCopycat","2026-05-16",3,"2026-06-06","Overall","quantile","0.95",530
"CalCopycat","2026-05-16",3,"2026-06-06","Overall","quantile","0.975",611
"CalCopycat","2026-05-16",3,"2026-06-06","Overall","quantile","0.99",688
"CalCopycat","2026-05-16",-2,"2026-05-02","Pediatrics","quantile","0.01",64
"CalCopycat","2026-05-16",-2,"2026-05-02","Pediatrics","quantile","0.025",66
"CalCopycat","2026-05-16",-2,"2026-05-02","Pediatrics","quantile","0.05",69
"CalCopycat","2026-05-16",-2,"2026-05-02","Pediatrics","quantile","0.1",74
"CalCopycat","2026-05-16",-2,"2026-05-02","Pediatrics","quantile","0.15",78
"CalCopycat","2026-05-16",-2,"2026-05-02","Pediatrics","quantile","0.2",81
"CalCopycat","2026-05-16",-2,"2026-05-02","Pediatrics","quantile","0.25",84
"CalCopycat","2026-05-16",-2,"2026-05-02","Pediatrics","quantile","0.3",86
"CalCopycat","2026-05-16",-2,"2026-05-02","Pediatrics","quantile","0.35",88
"CalCopycat","2026-05-16",-2,"2026-05-02","Pediatrics","quantile","0.4",90
"CalCopycat","2026-05-16",-2,"2026-05-02","Pediatrics","quantile","0.45",92
"CalCopycat","2026-05-16",-2,"2026-05-02","Pediatrics","quantile","0.5",94
"CalCopycat","2026-05-16",-2,"2026-05-02","Pediatrics","quantile","0.55",96
"CalCopycat","2026-05-16",-2,"2026-05-02","Pediatrics","quantile","0.6",98
"CalCopycat","2026-05-16",-2,"2026-05-02","Pediatrics","quantile","0.65",100
"CalCopycat","2026-05-16",-2,"2026-05-02","Pediatrics","quantile","0.7",103
"CalCopycat","2026-05-16",-2,"2026-05-02","Pediatrics","quantile","0.75",105
"CalCopycat","2026-05-16",-2,"2026-05-02","Pediatrics","quantile","0.8",108
"CalCopycat","2026-05-16",-2,"2026-05-02","Pediatrics","quantile","0.85",111
"CalCopycat","2026-05-16",-2,"2026-05-02","Pediatrics","quantile","0.9",116
"CalCopycat","2026-05-16",-2,"2026-05-02","Pediatrics","quantile","0.95",122
"CalCopycat","2026-05-16",-2,"2026-05-02","Pediatrics","quantile","0.975",127
"CalCopycat","2026-05-16",-2,"2026-05-02","Pediatrics","quantile","0.99",134
"CalCopycat","2026-05-16",-1,"2026-05-09","Pediatrics","quantile","0.01",57
"CalCopycat","2026-05-16",-1,"2026-05-09","Pediatrics","quantile","0.025",63
"CalCopycat","2026-05-16",-1,"2026-05-09","Pediatrics","quantile","0.05",67
"CalCopycat","2026-05-16",-1,"2026-05-09","Pediatrics","quantile","0.1",73
"CalCopycat","2026-05-16",-1,"2026-05-09","Pediatrics","quantile","0.15",78
"CalCopycat","2026-05-16",-1,"2026-05-09","Pediatrics","quantile","0.2",82
"CalCopycat","2026-05-16",-1,"2026-05-09","Pediatrics","quantile","0.25",86
"CalCopycat","2026-05-16",-1,"2026-05-09","Pediatrics","quantile","0.3",89
"CalCopycat","2026-05-16",-1,"2026-05-09","Pediatrics","quantile","0.35",93
"CalCopycat","2026-05-16",-1,"2026-05-09","Pediatrics","quantile","0.4",96
"CalCopycat","2026-05-16",-1,"2026-05-09","Pediatrics","quantile","0.45",99
"CalCopycat","2026-05-16",-1,"2026-05-09","Pediatrics","quantile","0.5",102
"CalCopycat","2026-05-16",-1,"2026-05-09","Pediatrics","quantile","0.55",105
"CalCopycat","2026-05-16",-1,"2026-05-09","Pediatrics","quantile","0.6",109
"CalCopycat","2026-05-16",-1,"2026-05-09","Pediatrics","quantile","0.65",112
"CalCopycat","2026-05-16",-1,"2026-05-09","Pediatrics","quantile","0.7",116
"CalCopycat","2026-05-16",-1,"2026-05-09","Pediatrics","quantile","0.75",119
"CalCopycat","2026-05-16",-1,"2026-05-09","Pediatrics","quantile","0.8",124
"CalCopycat","2026-05-16",-1,"2026-05-09","Pediatrics","quantile","0.85",132
"CalCopycat","2026-05-16",-1,"2026-05-09","Pediatrics","quantile","0.9",141
"CalCopycat","2026-05-16",-1,"2026-05-09","Pediatrics","quantile","0.95",152
"CalCopycat","2026-05-16",-1,"2026-05-09","Pediatrics","quantile","0.975",165
"CalCopycat","2026-05-16",-1,"2026-05-09","Pediatrics","quantile","0.99",177
"CalCopycat","2026-05-16",0,"2026-05-16","Pediatrics","quantile","0.01",57
"CalCopycat","2026-05-16",0,"2026-05-16","Pediatrics","quantile","0.025",61
"CalCopycat","2026-05-16",0,"2026-05-16","Pediatrics","quantile","0.05",67
"CalCopycat","2026-05-16",0,"2026-05-16","Pediatrics","quantile","0.1",73
"CalCopycat","2026-05-16",0,"2026-05-16","Pediatrics","quantile","0.15",79
"CalCopycat","2026-05-16",0,"2026-05-16","Pediatrics","quantile","0.2",85
"CalCopycat","2026-05-16",0,"2026-05-16","Pediatrics","quantile","0.25",89
"CalCopycat","2026-05-16",0,"2026-05-16","Pediatrics","quantile","0.3",93
"CalCopycat","2026-05-16",0,"2026-05-16","Pediatrics","quantile","0.35",98
"CalCopycat","2026-05-16",0,"2026-05-16","Pediatrics","quantile","0.4",102
"CalCopycat","2026-05-16",0,"2026-05-16","Pediatrics","quantile","0.45",106
"CalCopycat","2026-05-16",0,"2026-05-16","Pediatrics","quantile","0.5",109
"CalCopycat","2026-05-16",0,"2026-05-16","Pediatrics","quantile","0.55",114
"CalCopycat","2026-05-16",0,"2026-05-16","Pediatrics","quantile","0.6",118
"CalCopycat","2026-05-16",0,"2026-05-16","Pediatrics","quantile","0.65",123
"CalCopycat","2026-05-16",0,"2026-05-16","Pediatrics","quantile","0.7",128
"CalCopycat","2026-05-16",0,"2026-05-16","Pediatrics","quantile","0.75",133
"CalCopycat","2026-05-16",0,"2026-05-16","Pediatrics","quantile","0.8",141
"CalCopycat","2026-05-16",0,"2026-05-16","Pediatrics","quantile","0.85",150
"CalCopycat","2026-05-16",0,"2026-05-16","Pediatrics","quantile","0.9",160
"CalCopycat","2026-05-16",0,"2026-05-16","Pediatrics","quantile","0.95",175
"CalCopycat","2026-05-16",0,"2026-05-16","Pediatrics","quantile","0.975",194
"CalCopycat","2026-05-16",0,"2026-05-16","Pediatrics","quantile","0.99",211
"CalCopycat","2026-05-16",1,"2026-05-23","Pediatrics","quantile","0.01",53
"CalCopycat","2026-05-16",1,"2026-05-23","Pediatrics","quantile","0.025",59
"CalCopycat","2026-05-16",1,"2026-05-23","Pediatrics","quantile","0.05",66
"CalCopycat","2026-05-16",1,"2026-05-23","Pediatrics","quantile","0.1",75
"CalCopycat","2026-05-16",1,"2026-05-23","Pediatrics","quantile","0.15",81
"CalCopycat","2026-05-16",1,"2026-05-23","Pediatrics","quantile","0.2",87
"CalCopycat","2026-05-16",1,"2026-05-23","Pediatrics","quantile","0.25",92
"CalCopycat","2026-05-16",1,"2026-05-23","Pediatrics","quantile","0.3",96
"CalCopycat","2026-05-16",1,"2026-05-23","Pediatrics","quantile","0.35",102
"CalCopycat","2026-05-16",1,"2026-05-23","Pediatrics","quantile","0.4",106
"CalCopycat","2026-05-16",1,"2026-05-23","Pediatrics","quantile","0.45",111
"CalCopycat","2026-05-16",1,"2026-05-23","Pediatrics","quantile","0.5",116
"CalCopycat","2026-05-16",1,"2026-05-23","Pediatrics","quantile","0.55",122
"CalCopycat","2026-05-16",1,"2026-05-23","Pediatrics","quantile","0.6",126
"CalCopycat","2026-05-16",1,"2026-05-23","Pediatrics","quantile","0.65",133
"CalCopycat","2026-05-16",1,"2026-05-23","Pediatrics","quantile","0.7",139
"CalCopycat","2026-05-16",1,"2026-05-23","Pediatrics","quantile","0.75",147
"CalCopycat","2026-05-16",1,"2026-05-23","Pediatrics","quantile","0.8",154
"CalCopycat","2026-05-16",1,"2026-05-23","Pediatrics","quantile","0.85",164
"CalCopycat","2026-05-16",1,"2026-05-23","Pediatrics","quantile","0.9",179
"CalCopycat","2026-05-16",1,"2026-05-23","Pediatrics","quantile","0.95",209
"CalCopycat","2026-05-16",1,"2026-05-23","Pediatrics","quantile","0.975",241
"CalCopycat","2026-05-16",1,"2026-05-23","Pediatrics","quantile","0.99",266
"CalCopycat","2026-05-16",2,"2026-05-30","Pediatrics","quantile","0.01",46
"CalCopycat","2026-05-16",2,"2026-05-30","Pediatrics","quantile","0.025",56
"CalCopycat","2026-05-16",2,"2026-05-30","Pediatrics","quantile","0.05",64
"CalCopycat","2026-05-16",2,"2026-05-30","Pediatrics","quantile","0.1",73
"CalCopycat","2026-05-16",2,"2026-05-30","Pediatrics","quantile","0.15",80
"CalCopycat","2026-05-16",2,"2026-05-30","Pediatrics","quantile","0.2",85
"CalCopycat","2026-05-16",2,"2026-05-30","Pediatrics","quantile","0.25",92
"CalCopycat","2026-05-16",2,"2026-05-30","Pediatrics","quantile","0.3",97
"CalCopycat","2026-05-16",2,"2026-05-30","Pediatrics","quantile","0.35",102
"CalCopycat","2026-05-16",2,"2026-05-30","Pediatrics","quantile","0.4",106
"CalCopycat","2026-05-16",2,"2026-05-30","Pediatrics","quantile","0.45",112
"CalCopycat","2026-05-16",2,"2026-05-30","Pediatrics","quantile","0.5",118
"CalCopycat","2026-05-16",2,"2026-05-30","Pediatrics","quantile","0.55",125
"CalCopycat","2026-05-16",2,"2026-05-30","Pediatrics","quantile","0.6",131
"CalCopycat","2026-05-16",2,"2026-05-30","Pediatrics","quantile","0.65",138
"CalCopycat","2026-05-16",2,"2026-05-30","Pediatrics","quantile","0.7",145
"CalCopycat","2026-05-16",2,"2026-05-30","Pediatrics","quantile","0.75",153
"CalCopycat","2026-05-16",2,"2026-05-30","Pediatrics","quantile","0.8",165
"CalCopycat","2026-05-16",2,"2026-05-30","Pediatrics","quantile","0.85",182
"CalCopycat","2026-05-16",2,"2026-05-30","Pediatrics","quantile","0.9",199
"CalCopycat","2026-05-16",2,"2026-05-30","Pediatrics","quantile","0.95",231
"CalCopycat","2026-05-16",2,"2026-05-30","Pediatrics","quantile","0.975",255
"CalCopycat","2026-05-16",2,"2026-05-30","Pediatrics","quantile","0.99",298
"CalCopycat","2026-05-16",3,"2026-06-06","Pediatrics","quantile","0.01",44
"CalCopycat","2026-05-16",3,"2026-06-06","Pediatrics","quantile","0.025",51
"CalCopycat","2026-05-16",3,"2026-06-06","Pediatrics","quantile","0.05",59
"CalCopycat","2026-05-16",3,"2026-06-06","Pediatrics","quantile","0.1",70
"CalCopycat","2026-05-16",3,"2026-06-06","Pediatrics","quantile","0.15",76
"CalCopycat","2026-05-16",3,"2026-06-06","Pediatrics","quantile","0.2",82
"CalCopycat","2026-05-16",3,"2026-06-06","Pediatrics","quantile","0.25",89
"CalCopycat","2026-05-16",3,"2026-06-06","Pediatrics","quantile","0.3",95
"CalCopycat","2026-05-16",3,"2026-06-06","Pediatrics","quantile","0.35",100
"CalCopycat","2026-05-16",3,"2026-06-06","Pediatrics","quantile","0.4",105
"CalCopycat","2026-05-16",3,"2026-06-06","Pediatrics","quantile","0.45",111
"CalCopycat","2026-05-16",3,"2026-06-06","Pediatrics","quantile","0.5",118
"CalCopycat","2026-05-16",3,"2026-06-06","Pediatrics","quantile","0.55",125
"CalCopycat","2026-05-16",3,"2026-06-06","Pediatrics","quantile","0.6",133
"CalCopycat","2026-05-16",3,"2026-06-06","Pediatrics","quantile","0.65",142
"CalCopycat","2026-05-16",3,"2026-06-06","Pediatrics","quantile","0.7",152
"CalCopycat","2026-05-16",3,"2026-06-06","Pediatrics","quantile","0.75",162
"CalCopycat","2026-05-16",3,"2026-06-06","Pediatrics","quantile","0.8",176
"CalCopycat","2026-05-16",3,"2026-06-06","Pediatrics","quantile","0.85",191
"CalCopycat","2026-05-16",3,"2026-06-06","Pediatrics","quantile","0.9",212
"CalCopycat","2026-05-16",3,"2026-06-06","Pediatrics","quantile","0.95",249
"CalCopycat","2026-05-16",3,"2026-06-06","Pediatrics","quantile","0.975",292
"CalCopycat","2026-05-16",3,"2026-06-06","Pediatrics","quantile","0.99",347
"FourCAT","2026-05-16",-2,"2026-05-02","Adults","quantile","0.01",90
"FourCAT","2026-05-16",-2,"2026-05-02","Adults","quantile","0.025",95
"FourCAT","2026-05-16",-2,"2026-05-02","Adults","quantile","0.05",99
"FourCAT","2026-05-16",-2,"2026-05-02","Adults","quantile","0.1",105
"FourCAT","2026-05-16",-2,"2026-05-02","Adults","quantile","0.15",109
"FourCAT","2026-05-16",-2,"2026-05-02","Adults","quantile","0.2",112
"FourCAT","2026-05-16",-2,"2026-05-02","Adults","quantile","0.25",115
"FourCAT","2026-05-16",-2,"2026-05-02","Adults","quantile","0.3",118
"FourCAT","2026-05-16",-2,"2026-05-02","Adults","quantile","0.35",120
"FourCAT","2026-05-16",-2,"2026-05-02","Adults","quantile","0.4",122
"FourCAT","2026-05-16",-2,"2026-05-02","Adults","quantile","0.45",125
"FourCAT","2026-05-16",-2,"2026-05-02","Adults","quantile","0.5",127
"FourCAT","2026-05-16",-2,"2026-05-02","Adults","quantile","0.55",129
"FourCAT","2026-05-16",-2,"2026-05-02","Adults","quantile","0.6",132
"FourCAT","2026-05-16",-2,"2026-05-02","Adults","quantile","0.65",135
"FourCAT","2026-05-16",-2,"2026-05-02","Adults","quantile","0.7",138
"FourCAT","2026-05-16",-2,"2026-05-02","Adults","quantile","0.75",141
"FourCAT","2026-05-16",-2,"2026-05-02","Adults","quantile","0.8",145
"FourCAT","2026-05-16",-2,"2026-05-02","Adults","quantile","0.85",150
"FourCAT","2026-05-16",-2,"2026-05-02","Adults","quantile","0.9",157
"FourCAT","2026-05-16",-2,"2026-05-02","Adults","quantile","0.95",169
"FourCAT","2026-05-16",-2,"2026-05-02","Adults","quantile","0.975",182
"FourCAT","2026-05-16",-2,"2026-05-02","Adults","quantile","0.99",201
"FourCAT","2026-05-16",-1,"2026-05-09","Adults","quantile","0.01",90
"FourCAT","2026-05-16",-1,"2026-05-09","Adults","quantile","0.025",95
"FourCAT","2026-05-16",-1,"2026-05-09","Adults","quantile","0.05",101
"FourCAT","2026-05-16",-1,"2026-05-09","Adults","quantile","0.1",108
"FourCAT","2026-05-16",-1,"2026-05-09","Adults","quantile","0.15",113
"FourCAT","2026-05-16",-1,"2026-05-09","Adults","quantile","0.2",117
"FourCAT","2026-05-16",-1,"2026-05-09","Adults","quantile","0.25",120
"FourCAT","2026-05-16",-1,"2026-05-09","Adults","quantile","0.3",123
"FourCAT","2026-05-16",-1,"2026-05-09","Adults","quantile","0.35",127
"FourCAT","2026-05-16",-1,"2026-05-09","Adults","quantile","0.4",129
"FourCAT","2026-05-16",-1,"2026-05-09","Adults","quantile","0.45",132
"FourCAT","2026-05-16",-1,"2026-05-09","Adults","quantile","0.5",135
"FourCAT","2026-05-16",-1,"2026-05-09","Adults","quantile","0.55",138
"FourCAT","2026-05-16",-1,"2026-05-09","Adults","quantile","0.6",141
"FourCAT","2026-05-16",-1,"2026-05-09","Adults","quantile","0.65",144
"FourCAT","2026-05-16",-1,"2026-05-09","Adults","quantile","0.7",147
"FourCAT","2026-05-16",-1,"2026-05-09","Adults","quantile","0.75",151
"FourCAT","2026-05-16",-1,"2026-05-09","Adults","quantile","0.8",156
"FourCAT","2026-05-16",-1,"2026-05-09","Adults","quantile","0.85",162
"FourCAT","2026-05-16",-1,"2026-05-09","Adults","quantile","0.9",170
"FourCAT","2026-05-16",-1,"2026-05-09","Adults","quantile","0.95",184
"FourCAT","2026-05-16",-1,"2026-05-09","Adults","quantile","0.975",198
"FourCAT","2026-05-16",-1,"2026-05-09","Adults","quantile","0.99",217
"FourCAT","2026-05-16",0,"2026-05-16","Adults","quantile","0.01",89
"FourCAT","2026-05-16",0,"2026-05-16","Adults","quantile","0.025",94
"FourCAT","2026-05-16",0,"2026-05-16","Adults","quantile","0.05",102
"FourCAT","2026-05-16",0,"2026-05-16","Adults","quantile","0.1",112
"FourCAT","2026-05-16",0,"2026-05-16","Adults","quantile","0.15",117
"FourCAT","2026-05-16",0,"2026-05-16","Adults","quantile","0.2",121
"FourCAT","2026-05-16",0,"2026-05-16","Adults","quantile","0.25",125
"FourCAT","2026-05-16",0,"2026-05-16","Adults","quantile","0.3",129
"FourCAT","2026-05-16",0,"2026-05-16","Adults","quantile","0.35",132
"FourCAT","2026-05-16",0,"2026-05-16","Adults","quantile","0.4",136
"FourCAT","2026-05-16",0,"2026-05-16","Adults","quantile","0.45",139
"FourCAT","2026-05-16",0,"2026-05-16","Adults","quantile","0.5",142
"FourCAT","2026-05-16",0,"2026-05-16","Adults","quantile","0.55",145
"FourCAT","2026-05-16",0,"2026-05-16","Adults","quantile","0.6",149
"FourCAT","2026-05-16",0,"2026-05-16","Adults","quantile","0.65",153
"FourCAT","2026-05-16",0,"2026-05-16","Adults","quantile","0.7",157
"FourCAT","2026-05-16",0,"2026-05-16","Adults","quantile","0.75",162
"FourCAT","2026-05-16",0,"2026-05-16","Adults","quantile","0.8",167
"FourCAT","2026-05-16",0,"2026-05-16","Adults","quantile","0.85",174
"FourCAT","2026-05-16",0,"2026-05-16","Adults","quantile","0.9",183
"FourCAT","2026-05-16",0,"2026-05-16","Adults","quantile","0.95",198
"FourCAT","2026-05-16",0,"2026-05-16","Adults","quantile","0.975",214
"FourCAT","2026-05-16",0,"2026-05-16","Adults","quantile","0.99",235
"FourCAT","2026-05-16",1,"2026-05-23","Adults","quantile","0.01",89
"FourCAT","2026-05-16",1,"2026-05-23","Adults","quantile","0.025",92
"FourCAT","2026-05-16",1,"2026-05-23","Adults","quantile","0.05",105
"FourCAT","2026-05-16",1,"2026-05-23","Adults","quantile","0.1",115
"FourCAT","2026-05-16",1,"2026-05-23","Adults","quantile","0.15",122
"FourCAT","2026-05-16",1,"2026-05-23","Adults","quantile","0.2",127
"FourCAT","2026-05-16",1,"2026-05-23","Adults","quantile","0.25",131
"FourCAT","2026-05-16",1,"2026-05-23","Adults","quantile","0.3",136
"FourCAT","2026-05-16",1,"2026-05-23","Adults","quantile","0.35",139
"FourCAT","2026-05-16",1,"2026-05-23","Adults","quantile","0.4",144
"FourCAT","2026-05-16",1,"2026-05-23","Adults","quantile","0.45",147
"FourCAT","2026-05-16",1,"2026-05-23","Adults","quantile","0.5",151
"FourCAT","2026-05-16",1,"2026-05-23","Adults","quantile","0.55",155
"FourCAT","2026-05-16",1,"2026-05-23","Adults","quantile","0.6",159
"FourCAT","2026-05-16",1,"2026-05-23","Adults","quantile","0.65",163
"FourCAT","2026-05-16",1,"2026-05-23","Adults","quantile","0.7",168
"FourCAT","2026-05-16",1,"2026-05-23","Adults","quantile","0.75",173
"FourCAT","2026-05-16",1,"2026-05-23","Adults","quantile","0.8",179
"FourCAT","2026-05-16",1,"2026-05-23","Adults","quantile","0.85",187
"FourCAT","2026-05-16",1,"2026-05-23","Adults","quantile","0.9",198
"FourCAT","2026-05-16",1,"2026-05-23","Adults","quantile","0.95",215
"FourCAT","2026-05-16",1,"2026-05-23","Adults","quantile","0.975",232
"FourCAT","2026-05-16",1,"2026-05-23","Adults","quantile","0.99",256
"FourCAT","2026-05-16",2,"2026-05-30","Adults","quantile","0.01",89
"FourCAT","2026-05-16",2,"2026-05-30","Adults","quantile","0.025",95
"FourCAT","2026-05-16",2,"2026-05-30","Adults","quantile","0.05",106
"FourCAT","2026-05-16",2,"2026-05-30","Adults","quantile","0.1",117
"FourCAT","2026-05-16",2,"2026-05-30","Adults","quantile","0.15",124
"FourCAT","2026-05-16",2,"2026-05-30","Adults","quantile","0.2",130
"FourCAT","2026-05-16",2,"2026-05-30","Adults","quantile","0.25",136
"FourCAT","2026-05-16",2,"2026-05-30","Adults","quantile","0.3",141
"FourCAT","2026-05-16",2,"2026-05-30","Adults","quantile","0.35",146
"FourCAT","2026-05-16",2,"2026-05-30","Adults","quantile","0.4",149
"FourCAT","2026-05-16",2,"2026-05-30","Adults","quantile","0.45",153
"FourCAT","2026-05-16",2,"2026-05-30","Adults","quantile","0.5",158
"FourCAT","2026-05-16",2,"2026-05-30","Adults","quantile","0.55",162
"FourCAT","2026-05-16",2,"2026-05-30","Adults","quantile","0.6",166
"FourCAT","2026-05-16",2,"2026-05-30","Adults","quantile","0.65",171
"FourCAT","2026-05-16",2,"2026-05-30","Adults","quantile","0.7",176
"FourCAT","2026-05-16",2,"2026-05-30","Adults","quantile","0.75",182
"FourCAT","2026-05-16",2,"2026-05-30","Adults","quantile","0.8",189
"FourCAT","2026-05-16",2,"2026-05-30","Adults","quantile","0.85",198
"FourCAT","2026-05-16",2,"2026-05-30","Adults","quantile","0.9",210
"FourCAT","2026-05-16",2,"2026-05-30","Adults","quantile","0.95",229
"FourCAT","2026-05-16",2,"2026-05-30","Adults","quantile","0.975",246
"FourCAT","2026-05-16",2,"2026-05-30","Adults","quantile","0.99",270
"FourCAT","2026-05-16",3,"2026-06-06","Adults","quantile","0.01",89
"FourCAT","2026-05-16",3,"2026-06-06","Adults","quantile","0.025",95
"FourCAT","2026-05-16",3,"2026-06-06","Adults","quantile","0.05",107
"FourCAT","2026-05-16",3,"2026-06-06","Adults","quantile","0.1",119
"FourCAT","2026-05-16",3,"2026-06-06","Adults","quantile","0.15",127
"FourCAT","2026-05-16",3,"2026-06-06","Adults","quantile","0.2",134
"FourCAT","2026-05-16",3,"2026-06-06","Adults","quantile","0.25",140
"FourCAT","2026-05-16",3,"2026-06-06","Adults","quantile","0.3",146
"FourCAT","2026-05-16",3,"2026-06-06","Adults","quantile","0.35",150
"FourCAT","2026-05-16",3,"2026-06-06","Adults","quantile","0.4",155
"FourCAT","2026-05-16",3,"2026-06-06","Adults","quantile","0.45",160
"FourCAT","2026-05-16",3,"2026-06-06","Adults","quantile","0.5",165
"FourCAT","2026-05-16",3,"2026-06-06","Adults","quantile","0.55",169
"FourCAT","2026-05-16",3,"2026-06-06","Adults","quantile","0.6",174
"FourCAT","2026-05-16",3,"2026-06-06","Adults","quantile","0.65",179
"FourCAT","2026-05-16",3,"2026-06-06","Adults","quantile","0.7",185
"FourCAT","2026-05-16",3,"2026-06-06","Adults","quantile","0.75",192
"FourCAT","2026-05-16",3,"2026-06-06","Adults","quantile","0.8",199
"FourCAT","2026-05-16",3,"2026-06-06","Adults","quantile","0.85",209
"FourCAT","2026-05-16",3,"2026-06-06","Adults","quantile","0.9",221
"FourCAT","2026-05-16",3,"2026-06-06","Adults","quantile","0.95",241
"FourCAT","2026-05-16",3,"2026-06-06","Adults","quantile","0.975",259
"FourCAT","2026-05-16",3,"2026-06-06","Adults","quantile","0.99",284
"FourCAT","2026-05-16",-2,"2026-05-02","Overall","quantile","0.01",152
"FourCAT","2026-05-16",-2,"2026-05-02","Overall","quantile","0.025",159
"FourCAT","2026-05-16",-2,"2026-05-02","Overall","quantile","0.05",164
"FourCAT","2026-05-16",-2,"2026-05-02","Overall","quantile","0.1",175
"FourCAT","2026-05-16",-2,"2026-05-02","Overall","quantile","0.15",181
"FourCAT","2026-05-16",-2,"2026-05-02","Overall","quantile","0.2",187
"FourCAT","2026-05-16",-2,"2026-05-02","Overall","quantile","0.25",192
"FourCAT","2026-05-16",-2,"2026-05-02","Overall","quantile","0.3",197
"FourCAT","2026-05-16",-2,"2026-05-02","Overall","quantile","0.35",202
"FourCAT","2026-05-16",-2,"2026-05-02","Overall","quantile","0.4",206
"FourCAT","2026-05-16",-2,"2026-05-02","Overall","quantile","0.45",211
"FourCAT","2026-05-16",-2,"2026-05-02","Overall","quantile","0.5",215
"FourCAT","2026-05-16",-2,"2026-05-02","Overall","quantile","0.55",220
"FourCAT","2026-05-16",-2,"2026-05-02","Overall","quantile","0.6",224
"FourCAT","2026-05-16",-2,"2026-05-02","Overall","quantile","0.65",229
"FourCAT","2026-05-16",-2,"2026-05-02","Overall","quantile","0.7",235
"FourCAT","2026-05-16",-2,"2026-05-02","Overall","quantile","0.75",241
"FourCAT","2026-05-16",-2,"2026-05-02","Overall","quantile","0.8",248
"FourCAT","2026-05-16",-2,"2026-05-02","Overall","quantile","0.85",258
"FourCAT","2026-05-16",-2,"2026-05-02","Overall","quantile","0.9",271
"FourCAT","2026-05-16",-2,"2026-05-02","Overall","quantile","0.95",294
"FourCAT","2026-05-16",-2,"2026-05-02","Overall","quantile","0.975",319
"FourCAT","2026-05-16",-2,"2026-05-02","Overall","quantile","0.99",358
"FourCAT","2026-05-16",-1,"2026-05-09","Overall","quantile","0.01",152
"FourCAT","2026-05-16",-1,"2026-05-09","Overall","quantile","0.025",157
"FourCAT","2026-05-16",-1,"2026-05-09","Overall","quantile","0.05",168
"FourCAT","2026-05-16",-1,"2026-05-09","Overall","quantile","0.1",177
"FourCAT","2026-05-16",-1,"2026-05-09","Overall","quantile","0.15",187
"FourCAT","2026-05-16",-1,"2026-05-09","Overall","quantile","0.2",193
"FourCAT","2026-05-16",-1,"2026-05-09","Overall","quantile","0.25",200
"FourCAT","2026-05-16",-1,"2026-05-09","Overall","quantile","0.3",205
"FourCAT","2026-05-16",-1,"2026-05-09","Overall","quantile","0.35",212
"FourCAT","2026-05-16",-1,"2026-05-09","Overall","quantile","0.4",216
"FourCAT","2026-05-16",-1,"2026-05-09","Overall","quantile","0.45",221
"FourCAT","2026-05-16",-1,"2026-05-09","Overall","quantile","0.5",226
"FourCAT","2026-05-16",-1,"2026-05-09","Overall","quantile","0.55",231
"FourCAT","2026-05-16",-1,"2026-05-09","Overall","quantile","0.6",236
"FourCAT","2026-05-16",-1,"2026-05-09","Overall","quantile","0.65",242
"FourCAT","2026-05-16",-1,"2026-05-09","Overall","quantile","0.7",248
"FourCAT","2026-05-16",-1,"2026-05-09","Overall","quantile","0.75",255
"FourCAT","2026-05-16",-1,"2026-05-09","Overall","quantile","0.8",264
"FourCAT","2026-05-16",-1,"2026-05-09","Overall","quantile","0.85",274
"FourCAT","2026-05-16",-1,"2026-05-09","Overall","quantile","0.9",289
"FourCAT","2026-05-16",-1,"2026-05-09","Overall","quantile","0.95",316
"FourCAT","2026-05-16",-1,"2026-05-09","Overall","quantile","0.975",342
"FourCAT","2026-05-16",-1,"2026-05-09","Overall","quantile","0.99",381
"FourCAT","2026-05-16",0,"2026-05-16","Overall","quantile","0.01",151
"FourCAT","2026-05-16",0,"2026-05-16","Overall","quantile","0.025",157
"FourCAT","2026-05-16",0,"2026-05-16","Overall","quantile","0.05",169
"FourCAT","2026-05-16",0,"2026-05-16","Overall","quantile","0.1",183
"FourCAT","2026-05-16",0,"2026-05-16","Overall","quantile","0.15",192
"FourCAT","2026-05-16",0,"2026-05-16","Overall","quantile","0.2",200
"FourCAT","2026-05-16",0,"2026-05-16","Overall","quantile","0.25",207
"FourCAT","2026-05-16",0,"2026-05-16","Overall","quantile","0.3",214
"FourCAT","2026-05-16",0,"2026-05-16","Overall","quantile","0.35",219
"FourCAT","2026-05-16",0,"2026-05-16","Overall","quantile","0.4",226
"FourCAT","2026-05-16",0,"2026-05-16","Overall","quantile","0.45",231
"FourCAT","2026-05-16",0,"2026-05-16","Overall","quantile","0.5",238
"FourCAT","2026-05-16",0,"2026-05-16","Overall","quantile","0.55",243
"FourCAT","2026-05-16",0,"2026-05-16","Overall","quantile","0.6",249
"FourCAT","2026-05-16",0,"2026-05-16","Overall","quantile","0.65",256
"FourCAT","2026-05-16",0,"2026-05-16","Overall","quantile","0.7",263
"FourCAT","2026-05-16",0,"2026-05-16","Overall","quantile","0.75",271
"FourCAT","2026-05-16",0,"2026-05-16","Overall","quantile","0.8",280
"FourCAT","2026-05-16",0,"2026-05-16","Overall","quantile","0.85",292
"FourCAT","2026-05-16",0,"2026-05-16","Overall","quantile","0.9",308
"FourCAT","2026-05-16",0,"2026-05-16","Overall","quantile","0.95",337
"FourCAT","2026-05-16",0,"2026-05-16","Overall","quantile","0.975",367
"FourCAT","2026-05-16",0,"2026-05-16","Overall","quantile","0.99",408
"FourCAT","2026-05-16",1,"2026-05-23","Overall","quantile","0.01",152
"FourCAT","2026-05-16",1,"2026-05-23","Overall","quantile","0.025",156
"FourCAT","2026-05-16",1,"2026-05-23","Overall","quantile","0.05",173
"FourCAT","2026-05-16",1,"2026-05-23","Overall","quantile","0.1",189
"FourCAT","2026-05-16",1,"2026-05-23","Overall","quantile","0.15",200
"FourCAT","2026-05-16",1,"2026-05-23","Overall","quantile","0.2",209
"FourCAT","2026-05-16",1,"2026-05-23","Overall","quantile","0.25",217
"FourCAT","2026-05-16",1,"2026-05-23","Overall","quantile","0.3",225
"FourCAT","2026-05-16",1,"2026-05-23","Overall","quantile","0.35",232
"FourCAT","2026-05-16",1,"2026-05-23","Overall","quantile","0.4",239
"FourCAT","2026-05-16",1,"2026-05-23","Overall","quantile","0.45",245
"FourCAT","2026-05-16",1,"2026-05-23","Overall","quantile","0.5",252
"FourCAT","2026-05-16",1,"2026-05-23","Overall","quantile","0.55",259
"FourCAT","2026-05-16",1,"2026-05-23","Overall","quantile","0.6",265
"FourCAT","2026-05-16",1,"2026-05-23","Overall","quantile","0.65",273
"FourCAT","2026-05-16",1,"2026-05-23","Overall","quantile","0.7",280
"FourCAT","2026-05-16",1,"2026-05-23","Overall","quantile","0.75",289
"FourCAT","2026-05-16",1,"2026-05-23","Overall","quantile","0.8",300
"FourCAT","2026-05-16",1,"2026-05-23","Overall","quantile","0.85",314
"FourCAT","2026-05-16",1,"2026-05-23","Overall","quantile","0.9",333
"FourCAT","2026-05-16",1,"2026-05-23","Overall","quantile","0.95",365
"FourCAT","2026-05-16",1,"2026-05-23","Overall","quantile","0.975",397
"FourCAT","2026-05-16",1,"2026-05-23","Overall","quantile","0.99",444
"FourCAT","2026-05-16",2,"2026-05-30","Overall","quantile","0.01",152
"FourCAT","2026-05-16",2,"2026-05-30","Overall","quantile","0.025",159
"FourCAT","2026-05-16",2,"2026-05-30","Overall","quantile","0.05",175
"FourCAT","2026-05-16",2,"2026-05-30","Overall","quantile","0.1",192
"FourCAT","2026-05-16",2,"2026-05-30","Overall","quantile","0.15",205
"FourCAT","2026-05-16",2,"2026-05-30","Overall","quantile","0.2",216
"FourCAT","2026-05-16",2,"2026-05-30","Overall","quantile","0.25",226
"FourCAT","2026-05-16",2,"2026-05-30","Overall","quantile","0.3",234
"FourCAT","2026-05-16",2,"2026-05-30","Overall","quantile","0.35",243
"FourCAT","2026-05-16",2,"2026-05-30","Overall","quantile","0.4",250
"FourCAT","2026-05-16",2,"2026-05-30","Overall","quantile","0.45",257
"FourCAT","2026-05-16",2,"2026-05-30","Overall","quantile","0.5",264
"FourCAT","2026-05-16",2,"2026-05-30","Overall","quantile","0.55",271
"FourCAT","2026-05-16",2,"2026-05-30","Overall","quantile","0.6",279
"FourCAT","2026-05-16",2,"2026-05-30","Overall","quantile","0.65",287
"FourCAT","2026-05-16",2,"2026-05-30","Overall","quantile","0.7",295
"FourCAT","2026-05-16",2,"2026-05-30","Overall","quantile","0.75",305
"FourCAT","2026-05-16",2,"2026-05-30","Overall","quantile","0.8",318
"FourCAT","2026-05-16",2,"2026-05-30","Overall","quantile","0.85",333
"FourCAT","2026-05-16",2,"2026-05-30","Overall","quantile","0.9",354
"FourCAT","2026-05-16",2,"2026-05-30","Overall","quantile","0.95",389
"FourCAT","2026-05-16",2,"2026-05-30","Overall","quantile","0.975",422
"FourCAT","2026-05-16",2,"2026-05-30","Overall","quantile","0.99",469
"FourCAT","2026-05-16",3,"2026-06-06","Overall","quantile","0.01",152
"FourCAT","2026-05-16",3,"2026-06-06","Overall","quantile","0.025",159
"FourCAT","2026-05-16",3,"2026-06-06","Overall","quantile","0.05",178
"FourCAT","2026-05-16",3,"2026-06-06","Overall","quantile","0.1",198
"FourCAT","2026-05-16",3,"2026-06-06","Overall","quantile","0.15",211
"FourCAT","2026-05-16",3,"2026-06-06","Overall","quantile","0.2",224
"FourCAT","2026-05-16",3,"2026-06-06","Overall","quantile","0.25",234
"FourCAT","2026-05-16",3,"2026-06-06","Overall","quantile","0.3",245
"FourCAT","2026-05-16",3,"2026-06-06","Overall","quantile","0.35",253
"FourCAT","2026-05-16",3,"2026-06-06","Overall","quantile","0.4",262
"FourCAT","2026-05-16",3,"2026-06-06","Overall","quantile","0.45",269
"FourCAT","2026-05-16",3,"2026-06-06","Overall","quantile","0.5",279
"FourCAT","2026-05-16",3,"2026-06-06","Overall","quantile","0.55",286
"FourCAT","2026-05-16",3,"2026-06-06","Overall","quantile","0.6",295
"FourCAT","2026-05-16",3,"2026-06-06","Overall","quantile","0.65",303
"FourCAT","2026-05-16",3,"2026-06-06","Overall","quantile","0.7",313
"FourCAT","2026-05-16",3,"2026-06-06","Overall","quantile","0.75",324
"FourCAT","2026-05-16",3,"2026-06-06","Overall","quantile","0.8",337
"FourCAT","2026-05-16",3,"2026-06-06","Overall","quantile","0.85",353
"FourCAT","2026-05-16",3,"2026-06-06","Overall","quantile","0.9",375
"FourCAT","2026-05-16",3,"2026-06-06","Overall","quantile","0.95",412
"FourCAT","2026-05-16",3,"2026-06-06","Overall","quantile","0.975",446
"FourCAT","2026-05-16",3,"2026-06-06","Overall","quantile","0.99",498
"FourCAT","2026-05-16",-2,"2026-05-02","Pediatrics","quantile","0.01",53
"FourCAT","2026-05-16",-2,"2026-05-02","Pediatrics","quantile","0.025",57
"FourCAT","2026-05-16",-2,"2026-05-02","Pediatrics","quantile","0.05",62
"FourCAT","2026-05-16",-2,"2026-05-02","Pediatrics","quantile","0.1",70
"FourCAT","2026-05-16",-2,"2026-05-02","Pediatrics","quantile","0.15",74
"FourCAT","2026-05-16",-2,"2026-05-02","Pediatrics","quantile","0.2",78
"FourCAT","2026-05-16",-2,"2026-05-02","Pediatrics","quantile","0.25",82
"FourCAT","2026-05-16",-2,"2026-05-02","Pediatrics","quantile","0.3",85
"FourCAT","2026-05-16",-2,"2026-05-02","Pediatrics","quantile","0.35",88
"FourCAT","2026-05-16",-2,"2026-05-02","Pediatrics","quantile","0.4",90
"FourCAT","2026-05-16",-2,"2026-05-02","Pediatrics","quantile","0.45",93
"FourCAT","2026-05-16",-2,"2026-05-02","Pediatrics","quantile","0.5",95
"FourCAT","2026-05-16",-2,"2026-05-02","Pediatrics","quantile","0.55",98
"FourCAT","2026-05-16",-2,"2026-05-02","Pediatrics","quantile","0.6",101
"FourCAT","2026-05-16",-2,"2026-05-02","Pediatrics","quantile","0.65",104
"FourCAT","2026-05-16",-2,"2026-05-02","Pediatrics","quantile","0.7",108
"FourCAT","2026-05-16",-2,"2026-05-02","Pediatrics","quantile","0.75",112
"FourCAT","2026-05-16",-2,"2026-05-02","Pediatrics","quantile","0.8",116
"FourCAT","2026-05-16",-2,"2026-05-02","Pediatrics","quantile","0.85",122
"FourCAT","2026-05-16",-2,"2026-05-02","Pediatrics","quantile","0.9",130
"FourCAT","2026-05-16",-2,"2026-05-02","Pediatrics","quantile","0.95",144
"FourCAT","2026-05-16",-2,"2026-05-02","Pediatrics","quantile","0.975",159
"FourCAT","2026-05-16",-2,"2026-05-02","Pediatrics","quantile","0.99",182
"FourCAT","2026-05-16",-1,"2026-05-09","Pediatrics","quantile","0.01",53
"FourCAT","2026-05-16",-1,"2026-05-09","Pediatrics","quantile","0.025",58
"FourCAT","2026-05-16",-1,"2026-05-09","Pediatrics","quantile","0.05",64
"FourCAT","2026-05-16",-1,"2026-05-09","Pediatrics","quantile","0.1",71
"FourCAT","2026-05-16",-1,"2026-05-09","Pediatrics","quantile","0.15",77
"FourCAT","2026-05-16",-1,"2026-05-09","Pediatrics","quantile","0.2",82
"FourCAT","2026-05-16",-1,"2026-05-09","Pediatrics","quantile","0.25",86
"FourCAT","2026-05-16",-1,"2026-05-09","Pediatrics","quantile","0.3",89
"FourCAT","2026-05-16",-1,"2026-05-09","Pediatrics","quantile","0.35",93
"FourCAT","2026-05-16",-1,"2026-05-09","Pediatrics","quantile","0.4",96
"FourCAT","2026-05-16",-1,"2026-05-09","Pediatrics","quantile","0.45",99
"FourCAT","2026-05-16",-1,"2026-05-09","Pediatrics","quantile","0.5",102
"FourCAT","2026-05-16",-1,"2026-05-09","Pediatrics","quantile","0.55",105
"FourCAT","2026-05-16",-1,"2026-05-09","Pediatrics","quantile","0.6",108
"FourCAT","2026-05-16",-1,"2026-05-09","Pediatrics","quantile","0.65",112
"FourCAT","2026-05-16",-1,"2026-05-09","Pediatrics","quantile","0.7",116
"FourCAT","2026-05-16",-1,"2026-05-09","Pediatrics","quantile","0.75",120
"FourCAT","2026-05-16",-1,"2026-05-09","Pediatrics","quantile","0.8",125
"FourCAT","2026-05-16",-1,"2026-05-09","Pediatrics","quantile","0.85",132
"FourCAT","2026-05-16",-1,"2026-05-09","Pediatrics","quantile","0.9",141
"FourCAT","2026-05-16",-1,"2026-05-09","Pediatrics","quantile","0.95",157
"FourCAT","2026-05-16",-1,"2026-05-09","Pediatrics","quantile","0.975",173
"FourCAT","2026-05-16",-1,"2026-05-09","Pediatrics","quantile","0.99",196
"FourCAT","2026-05-16",0,"2026-05-16","Pediatrics","quantile","0.01",52
"FourCAT","2026-05-16",0,"2026-05-16","Pediatrics","quantile","0.025",57
"FourCAT","2026-05-16",0,"2026-05-16","Pediatrics","quantile","0.05",65
"FourCAT","2026-05-16",0,"2026-05-16","Pediatrics","quantile","0.1",74
"FourCAT","2026-05-16",0,"2026-05-16","Pediatrics","quantile","0.15",80
"FourCAT","2026-05-16",0,"2026-05-16","Pediatrics","quantile","0.2",85
"FourCAT","2026-05-16",0,"2026-05-16","Pediatrics","quantile","0.25",90
"FourCAT","2026-05-16",0,"2026-05-16","Pediatrics","quantile","0.3",94
"FourCAT","2026-05-16",0,"2026-05-16","Pediatrics","quantile","0.35",97
"FourCAT","2026-05-16",0,"2026-05-16","Pediatrics","quantile","0.4",101
"FourCAT","2026-05-16",0,"2026-05-16","Pediatrics","quantile","0.45",104
"FourCAT","2026-05-16",0,"2026-05-16","Pediatrics","quantile","0.5",108
"FourCAT","2026-05-16",0,"2026-05-16","Pediatrics","quantile","0.55",112
"FourCAT","2026-05-16",0,"2026-05-16","Pediatrics","quantile","0.6",116
"FourCAT","2026-05-16",0,"2026-05-16","Pediatrics","quantile","0.65",120
"FourCAT","2026-05-16",0,"2026-05-16","Pediatrics","quantile","0.7",124
"FourCAT","2026-05-16",0,"2026-05-16","Pediatrics","quantile","0.75",129
"FourCAT","2026-05-16",0,"2026-05-16","Pediatrics","quantile","0.8",135
"FourCAT","2026-05-16",0,"2026-05-16","Pediatrics","quantile","0.85",142
"FourCAT","2026-05-16",0,"2026-05-16","Pediatrics","quantile","0.9",152
"FourCAT","2026-05-16",0,"2026-05-16","Pediatrics","quantile","0.95",170
"FourCAT","2026-05-16",0,"2026-05-16","Pediatrics","quantile","0.975",189
"FourCAT","2026-05-16",0,"2026-05-16","Pediatrics","quantile","0.99",213
"FourCAT","2026-05-16",1,"2026-05-23","Pediatrics","quantile","0.01",52
"FourCAT","2026-05-16",1,"2026-05-23","Pediatrics","quantile","0.025",56
"FourCAT","2026-05-16",1,"2026-05-23","Pediatrics","quantile","0.05",67
"FourCAT","2026-05-16",1,"2026-05-23","Pediatrics","quantile","0.1",78
"FourCAT","2026-05-16",1,"2026-05-23","Pediatrics","quantile","0.15",85
"FourCAT","2026-05-16",1,"2026-05-23","Pediatrics","quantile","0.2",91
"FourCAT","2026-05-16",1,"2026-05-23","Pediatrics","quantile","0.25",96
"FourCAT","2026-05-16",1,"2026-05-23","Pediatrics","quantile","0.3",101
"FourCAT","2026-05-16",1,"2026-05-23","Pediatrics","quantile","0.35",105
"FourCAT","2026-05-16",1,"2026-05-23","Pediatrics","quantile","0.4",109
"FourCAT","2026-05-16",1,"2026-05-23","Pediatrics","quantile","0.45",113
"FourCAT","2026-05-16",1,"2026-05-23","Pediatrics","quantile","0.5",117
"FourCAT","2026-05-16",1,"2026-05-23","Pediatrics","quantile","0.55",121
"FourCAT","2026-05-16",1,"2026-05-23","Pediatrics","quantile","0.6",126
"FourCAT","2026-05-16",1,"2026-05-23","Pediatrics","quantile","0.65",130
"FourCAT","2026-05-16",1,"2026-05-23","Pediatrics","quantile","0.7",135
"FourCAT","2026-05-16",1,"2026-05-23","Pediatrics","quantile","0.75",141
"FourCAT","2026-05-16",1,"2026-05-23","Pediatrics","quantile","0.8",148
"FourCAT","2026-05-16",1,"2026-05-23","Pediatrics","quantile","0.85",157
"FourCAT","2026-05-16",1,"2026-05-23","Pediatrics","quantile","0.9",168
"FourCAT","2026-05-16",1,"2026-05-23","Pediatrics","quantile","0.95",189
"FourCAT","2026-05-16",1,"2026-05-23","Pediatrics","quantile","0.975",209
"FourCAT","2026-05-16",1,"2026-05-23","Pediatrics","quantile","0.99",238
"FourCAT","2026-05-16",2,"2026-05-30","Pediatrics","quantile","0.01",52
"FourCAT","2026-05-16",2,"2026-05-30","Pediatrics","quantile","0.025",60
"FourCAT","2026-05-16",2,"2026-05-30","Pediatrics","quantile","0.05",69
"FourCAT","2026-05-16",2,"2026-05-30","Pediatrics","quantile","0.1",81
"FourCAT","2026-05-16",2,"2026-05-30","Pediatrics","quantile","0.15",90
"FourCAT","2026-05-16",2,"2026-05-30","Pediatrics","quantile","0.2",96
"FourCAT","2026-05-16",2,"2026-05-30","Pediatrics","quantile","0.25",102
"FourCAT","2026-05-16",2,"2026-05-30","Pediatrics","quantile","0.3",108
"FourCAT","2026-05-16",2,"2026-05-30","Pediatrics","quantile","0.35",113
"FourCAT","2026-05-16",2,"2026-05-30","Pediatrics","quantile","0.4",118
"FourCAT","2026-05-16",2,"2026-05-30","Pediatrics","quantile","0.45",122
"FourCAT","2026-05-16",2,"2026-05-30","Pediatrics","quantile","0.5",126
"FourCAT","2026-05-16",2,"2026-05-30","Pediatrics","quantile","0.55",131
"FourCAT","2026-05-16",2,"2026-05-30","Pediatrics","quantile","0.6",136
"FourCAT","2026-05-16",2,"2026-05-30","Pediatrics","quantile","0.65",141
"FourCAT","2026-05-16",2,"2026-05-30","Pediatrics","quantile","0.7",147
"FourCAT","2026-05-16",2,"2026-05-30","Pediatrics","quantile","0.75",153
"FourCAT","2026-05-16",2,"2026-05-30","Pediatrics","quantile","0.8",161
"FourCAT","2026-05-16",2,"2026-05-30","Pediatrics","quantile","0.85",171
"FourCAT","2026-05-16",2,"2026-05-30","Pediatrics","quantile","0.9",185
"FourCAT","2026-05-16",2,"2026-05-30","Pediatrics","quantile","0.95",207
"FourCAT","2026-05-16",2,"2026-05-30","Pediatrics","quantile","0.975",228
"FourCAT","2026-05-16",2,"2026-05-30","Pediatrics","quantile","0.99",257
"FourCAT","2026-05-16",3,"2026-06-06","Pediatrics","quantile","0.01",52
"FourCAT","2026-05-16",3,"2026-06-06","Pediatrics","quantile","0.025",60
"FourCAT","2026-05-16",3,"2026-06-06","Pediatrics","quantile","0.05",71
"FourCAT","2026-05-16",3,"2026-06-06","Pediatrics","quantile","0.1",85
"FourCAT","2026-05-16",3,"2026-06-06","Pediatrics","quantile","0.15",93
"FourCAT","2026-05-16",3,"2026-06-06","Pediatrics","quantile","0.2",102
"FourCAT","2026-05-16",3,"2026-06-06","Pediatrics","quantile","0.25",108
"FourCAT","2026-05-16",3,"2026-06-06","Pediatrics","quantile","0.3",115
"FourCAT","2026-05-16",3,"2026-06-06","Pediatrics","quantile","0.35",120
"FourCAT","2026-05-16",3,"2026-06-06","Pediatrics","quantile","0.4",125
"FourCAT","2026-05-16",3,"2026-06-06","Pediatrics","quantile","0.45",130
"FourCAT","2026-05-16",3,"2026-06-06","Pediatrics","quantile","0.5",136
"FourCAT","2026-05-16",3,"2026-06-06","Pediatrics","quantile","0.55",141
"FourCAT","2026-05-16",3,"2026-06-06","Pediatrics","quantile","0.6",146
"FourCAT","2026-05-16",3,"2026-06-06","Pediatrics","quantile","0.65",152
"FourCAT","2026-05-16",3,"2026-06-06","Pediatrics","quantile","0.7",158
"FourCAT","2026-05-16",3,"2026-06-06","Pediatrics","quantile","0.75",165
"FourCAT","2026-05-16",3,"2026-06-06","Pediatrics","quantile","0.8",174
"FourCAT","2026-05-16",3,"2026-06-06","Pediatrics","quantile","0.85",185
"FourCAT","2026-05-16",3,"2026-06-06","Pediatrics","quantile","0.9",199
"FourCAT","2026-05-16",3,"2026-06-06","Pediatrics","quantile","0.95",223
"FourCAT","2026-05-16",3,"2026-06-06","Pediatrics","quantile","0.975",245
"FourCAT","2026-05-16",3,"2026-06-06","Pediatrics","quantile","0.99",277
"GBQR","2026-05-16",-2,"2026-05-02","Adults","quantile","0.01",70
"GBQR","2026-05-16",-2,"2026-05-02","Adults","quantile","0.025",81
"GBQR","2026-05-16",-2,"2026-05-02","Adults","quantile","0.05",87
"GBQR","2026-05-16",-2,"2026-05-02","Adults","quantile","0.1",94
"GBQR","2026-05-16",-2,"2026-05-02","Adults","quantile","0.15",98
"GBQR","2026-05-16",-2,"2026-05-02","Adults","quantile","0.2",102
"GBQR","2026-05-16",-2,"2026-05-02","Adults","quantile","0.25",108
"GBQR","2026-05-16",-2,"2026-05-02","Adults","quantile","0.3",110
"GBQR","2026-05-16",-2,"2026-05-02","Adults","quantile","0.35",111
"GBQR","2026-05-16",-2,"2026-05-02","Adults","quantile","0.4",113
"GBQR","2026-05-16",-2,"2026-05-02","Adults","quantile","0.45",119
"GBQR","2026-05-16",-2,"2026-05-02","Adults","quantile","0.5",120
"GBQR","2026-05-16",-2,"2026-05-02","Adults","quantile","0.55",121
"GBQR","2026-05-16",-2,"2026-05-02","Adults","quantile","0.6",122
"GBQR","2026-05-16",-2,"2026-05-02","Adults","quantile","0.65",123
"GBQR","2026-05-16",-2,"2026-05-02","Adults","quantile","0.7",123
"GBQR","2026-05-16",-2,"2026-05-02","Adults","quantile","0.75",124
"GBQR","2026-05-16",-2,"2026-05-02","Adults","quantile","0.8",127
"GBQR","2026-05-16",-2,"2026-05-02","Adults","quantile","0.85",133
"GBQR","2026-05-16",-2,"2026-05-02","Adults","quantile","0.9",134
"GBQR","2026-05-16",-2,"2026-05-02","Adults","quantile","0.95",134
"GBQR","2026-05-16",-2,"2026-05-02","Adults","quantile","0.975",135
"GBQR","2026-05-16",-2,"2026-05-02","Adults","quantile","0.99",138
"GBQR","2026-05-16",-1,"2026-05-09","Adults","quantile","0.01",70
"GBQR","2026-05-16",-1,"2026-05-09","Adults","quantile","0.025",81
"GBQR","2026-05-16",-1,"2026-05-09","Adults","quantile","0.05",87
"GBQR","2026-05-16",-1,"2026-05-09","Adults","quantile","0.1",93
"GBQR","2026-05-16",-1,"2026-05-09","Adults","quantile","0.15",97
"GBQR","2026-05-16",-1,"2026-05-09","Adults","quantile","0.2",102
"GBQR","2026-05-16",-1,"2026-05-09","Adults","quantile","0.25",109
"GBQR","2026-05-16",-1,"2026-05-09","Adults","quantile","0.3",110
"GBQR","2026-05-16",-1,"2026-05-09","Adults","quantile","0.35",110
"GBQR","2026-05-16",-1,"2026-05-09","Adults","quantile","0.4",110
"GBQR","2026-05-16",-1,"2026-05-09","Adults","quantile","0.45",116
"GBQR","2026-05-16",-1,"2026-05-09","Adults","quantile","0.5",119
"GBQR","2026-05-16",-1,"2026-05-09","Adults","quantile","0.55",121
"GBQR","2026-05-16",-1,"2026-05-09","Adults","quantile","0.6",121
"GBQR","2026-05-16",-1,"2026-05-09","Adults","quantile","0.65",122
"GBQR","2026-05-16",-1,"2026-05-09","Adults","quantile","0.7",123
"GBQR","2026-05-16",-1,"2026-05-09","Adults","quantile","0.75",125
"GBQR","2026-05-16",-1,"2026-05-09","Adults","quantile","0.8",126
"GBQR","2026-05-16",-1,"2026-05-09","Adults","quantile","0.85",131
"GBQR","2026-05-16",-1,"2026-05-09","Adults","quantile","0.9",133
"GBQR","2026-05-16",-1,"2026-05-09","Adults","quantile","0.95",134
"GBQR","2026-05-16",-1,"2026-05-09","Adults","quantile","0.975",135
"GBQR","2026-05-16",-1,"2026-05-09","Adults","quantile","0.99",138
"GBQR","2026-05-16",0,"2026-05-16","Adults","quantile","0.01",69
"GBQR","2026-05-16",0,"2026-05-16","Adults","quantile","0.025",81
"GBQR","2026-05-16",0,"2026-05-16","Adults","quantile","0.05",85
"GBQR","2026-05-16",0,"2026-05-16","Adults","quantile","0.1",90
"GBQR","2026-05-16",0,"2026-05-16","Adults","quantile","0.15",96
"GBQR","2026-05-16",0,"2026-05-16","Adults","quantile","0.2",100
"GBQR","2026-05-16",0,"2026-05-16","Adults","quantile","0.25",105
"GBQR","2026-05-16",0,"2026-05-16","Adults","quantile","0.3",108
"GBQR","2026-05-16",0,"2026-05-16","Adults","quantile","0.35",111
"GBQR","2026-05-16",0,"2026-05-16","Adults","quantile","0.4",112
"GBQR","2026-05-16",0,"2026-05-16","Adults","quantile","0.45",116
"GBQR","2026-05-16",0,"2026-05-16","Adults","quantile","0.5",117
"GBQR","2026-05-16",0,"2026-05-16","Adults","quantile","0.55",121
"GBQR","2026-05-16",0,"2026-05-16","Adults","quantile","0.6",122
"GBQR","2026-05-16",0,"2026-05-16","Adults","quantile","0.65",124
"GBQR","2026-05-16",0,"2026-05-16","Adults","quantile","0.7",124
"GBQR","2026-05-16",0,"2026-05-16","Adults","quantile","0.75",125
"GBQR","2026-05-16",0,"2026-05-16","Adults","quantile","0.8",128
"GBQR","2026-05-16",0,"2026-05-16","Adults","quantile","0.85",130
"GBQR","2026-05-16",0,"2026-05-16","Adults","quantile","0.9",133
"GBQR","2026-05-16",0,"2026-05-16","Adults","quantile","0.95",134
"GBQR","2026-05-16",0,"2026-05-16","Adults","quantile","0.975",135
"GBQR","2026-05-16",0,"2026-05-16","Adults","quantile","0.99",138
"GBQR","2026-05-16",1,"2026-05-23","Adults","quantile","0.01",69
"GBQR","2026-05-16",1,"2026-05-23","Adults","quantile","0.025",78
"GBQR","2026-05-16",1,"2026-05-23","Adults","quantile","0.05",86
"GBQR","2026-05-16",1,"2026-05-23","Adults","quantile","0.1",89
"GBQR","2026-05-16",1,"2026-05-23","Adults","quantile","0.15",96
"GBQR","2026-05-16",1,"2026-05-23","Adults","quantile","0.2",99
"GBQR","2026-05-16",1,"2026-05-23","Adults","quantile","0.25",104
"GBQR","2026-05-16",1,"2026-05-23","Adults","quantile","0.3",107
"GBQR","2026-05-16",1,"2026-05-23","Adults","quantile","0.35",109
"GBQR","2026-05-16",1,"2026-05-23","Adults","quantile","0.4",111
"GBQR","2026-05-16",1,"2026-05-23","Adults","quantile","0.45",111
"GBQR","2026-05-16",1,"2026-05-23","Adults","quantile","0.5",118
"GBQR","2026-05-16",1,"2026-05-23","Adults","quantile","0.55",118
"GBQR","2026-05-16",1,"2026-05-23","Adults","quantile","0.6",121
"GBQR","2026-05-16",1,"2026-05-23","Adults","quantile","0.65",123
"GBQR","2026-05-16",1,"2026-05-23","Adults","quantile","0.7",124
"GBQR","2026-05-16",1,"2026-05-23","Adults","quantile","0.75",125
"GBQR","2026-05-16",1,"2026-05-23","Adults","quantile","0.8",126
"GBQR","2026-05-16",1,"2026-05-23","Adults","quantile","0.85",128
"GBQR","2026-05-16",1,"2026-05-23","Adults","quantile","0.9",131
"GBQR","2026-05-16",1,"2026-05-23","Adults","quantile","0.95",133
"GBQR","2026-05-16",1,"2026-05-23","Adults","quantile","0.975",133
"GBQR","2026-05-16",1,"2026-05-23","Adults","quantile","0.99",138
"GBQR","2026-05-16",2,"2026-05-30","Adults","quantile","0.01",69
"GBQR","2026-05-16",2,"2026-05-30","Adults","quantile","0.025",77
"GBQR","2026-05-16",2,"2026-05-30","Adults","quantile","0.05",86
"GBQR","2026-05-16",2,"2026-05-30","Adults","quantile","0.1",86
"GBQR","2026-05-16",2,"2026-05-30","Adults","quantile","0.15",96
"GBQR","2026-05-16",2,"2026-05-30","Adults","quantile","0.2",100
"GBQR","2026-05-16",2,"2026-05-30","Adults","quantile","0.25",107
"GBQR","2026-05-16",2,"2026-05-30","Adults","quantile","0.3",108
"GBQR","2026-05-16",2,"2026-05-30","Adults","quantile","0.35",108
"GBQR","2026-05-16",2,"2026-05-30","Adults","quantile","0.4",111
"GBQR","2026-05-16",2,"2026-05-30","Adults","quantile","0.45",112
"GBQR","2026-05-16",2,"2026-05-30","Adults","quantile","0.5",112
"GBQR","2026-05-16",2,"2026-05-30","Adults","quantile","0.55",117
"GBQR","2026-05-16",2,"2026-05-30","Adults","quantile","0.6",119
"GBQR","2026-05-16",2,"2026-05-30","Adults","quantile","0.65",121
"GBQR","2026-05-16",2,"2026-05-30","Adults","quantile","0.7",124
"GBQR","2026-05-16",2,"2026-05-30","Adults","quantile","0.75",126
"GBQR","2026-05-16",2,"2026-05-30","Adults","quantile","0.8",126
"GBQR","2026-05-16",2,"2026-05-30","Adults","quantile","0.85",129
"GBQR","2026-05-16",2,"2026-05-30","Adults","quantile","0.9",130
"GBQR","2026-05-16",2,"2026-05-30","Adults","quantile","0.95",132
"GBQR","2026-05-16",2,"2026-05-30","Adults","quantile","0.975",134
"GBQR","2026-05-16",2,"2026-05-30","Adults","quantile","0.99",139
"GBQR","2026-05-16",3,"2026-06-06","Adults","quantile","0.01",68
"GBQR","2026-05-16",3,"2026-06-06","Adults","quantile","0.025",76
"GBQR","2026-05-16",3,"2026-06-06","Adults","quantile","0.05",81
"GBQR","2026-05-16",3,"2026-06-06","Adults","quantile","0.1",86
"GBQR","2026-05-16",3,"2026-06-06","Adults","quantile","0.15",95
"GBQR","2026-05-16",3,"2026-06-06","Adults","quantile","0.2",98
"GBQR","2026-05-16",3,"2026-06-06","Adults","quantile","0.25",103
"GBQR","2026-05-16",3,"2026-06-06","Adults","quantile","0.3",104
"GBQR","2026-05-16",3,"2026-06-06","Adults","quantile","0.35",104
"GBQR","2026-05-16",3,"2026-06-06","Adults","quantile","0.4",108
"GBQR","2026-05-16",3,"2026-06-06","Adults","quantile","0.45",109
"GBQR","2026-05-16",3,"2026-06-06","Adults","quantile","0.5",111
"GBQR","2026-05-16",3,"2026-06-06","Adults","quantile","0.55",114
"GBQR","2026-05-16",3,"2026-06-06","Adults","quantile","0.6",117
"GBQR","2026-05-16",3,"2026-06-06","Adults","quantile","0.65",122
"GBQR","2026-05-16",3,"2026-06-06","Adults","quantile","0.7",125
"GBQR","2026-05-16",3,"2026-06-06","Adults","quantile","0.75",127
"GBQR","2026-05-16",3,"2026-06-06","Adults","quantile","0.8",130
"GBQR","2026-05-16",3,"2026-06-06","Adults","quantile","0.85",130
"GBQR","2026-05-16",3,"2026-06-06","Adults","quantile","0.9",130
"GBQR","2026-05-16",3,"2026-06-06","Adults","quantile","0.95",132
"GBQR","2026-05-16",3,"2026-06-06","Adults","quantile","0.975",134
"GBQR","2026-05-16",3,"2026-06-06","Adults","quantile","0.99",139
"GBQR","2026-05-16",-2,"2026-05-02","Overall","quantile","0.01",145
"GBQR","2026-05-16",-2,"2026-05-02","Overall","quantile","0.025",158
"GBQR","2026-05-16",-2,"2026-05-02","Overall","quantile","0.05",168
"GBQR","2026-05-16",-2,"2026-05-02","Overall","quantile","0.1",184
"GBQR","2026-05-16",-2,"2026-05-02","Overall","quantile","0.15",191
"GBQR","2026-05-16",-2,"2026-05-02","Overall","quantile","0.2",196
"GBQR","2026-05-16",-2,"2026-05-02","Overall","quantile","0.25",196
"GBQR","2026-05-16",-2,"2026-05-02","Overall","quantile","0.3",200
"GBQR","2026-05-16",-2,"2026-05-02","Overall","quantile","0.35",208
"GBQR","2026-05-16",-2,"2026-05-02","Overall","quantile","0.4",209
"GBQR","2026-05-16",-2,"2026-05-02","Overall","quantile","0.45",210
"GBQR","2026-05-16",-2,"2026-05-02","Overall","quantile","0.5",211
"GBQR","2026-05-16",-2,"2026-05-02","Overall","quantile","0.55",214
"GBQR","2026-05-16",-2,"2026-05-02","Overall","quantile","0.6",216
"GBQR","2026-05-16",-2,"2026-05-02","Overall","quantile","0.65",216
"GBQR","2026-05-16",-2,"2026-05-02","Overall","quantile","0.7",223
"GBQR","2026-05-16",-2,"2026-05-02","Overall","quantile","0.75",223
"GBQR","2026-05-16",-2,"2026-05-02","Overall","quantile","0.8",224
"GBQR","2026-05-16",-2,"2026-05-02","Overall","quantile","0.85",231
"GBQR","2026-05-16",-2,"2026-05-02","Overall","quantile","0.9",239
"GBQR","2026-05-16",-2,"2026-05-02","Overall","quantile","0.95",241
"GBQR","2026-05-16",-2,"2026-05-02","Overall","quantile","0.975",243
"GBQR","2026-05-16",-2,"2026-05-02","Overall","quantile","0.99",261
"GBQR","2026-05-16",-1,"2026-05-09","Overall","quantile","0.01",145
"GBQR","2026-05-16",-1,"2026-05-09","Overall","quantile","0.025",159
"GBQR","2026-05-16",-1,"2026-05-09","Overall","quantile","0.05",170
"GBQR","2026-05-16",-1,"2026-05-09","Overall","quantile","0.1",184
"GBQR","2026-05-16",-1,"2026-05-09","Overall","quantile","0.15",192
"GBQR","2026-05-16",-1,"2026-05-09","Overall","quantile","0.2",194
"GBQR","2026-05-16",-1,"2026-05-09","Overall","quantile","0.25",197
"GBQR","2026-05-16",-1,"2026-05-09","Overall","quantile","0.3",201
"GBQR","2026-05-16",-1,"2026-05-09","Overall","quantile","0.35",207
"GBQR","2026-05-16",-1,"2026-05-09","Overall","quantile","0.4",207
"GBQR","2026-05-16",-1,"2026-05-09","Overall","quantile","0.45",208
"GBQR","2026-05-16",-1,"2026-05-09","Overall","quantile","0.5",209
"GBQR","2026-05-16",-1,"2026-05-09","Overall","quantile","0.55",215
"GBQR","2026-05-16",-1,"2026-05-09","Overall","quantile","0.6",215
"GBQR","2026-05-16",-1,"2026-05-09","Overall","quantile","0.65",217
"GBQR","2026-05-16",-1,"2026-05-09","Overall","quantile","0.7",223
"GBQR","2026-05-16",-1,"2026-05-09","Overall","quantile","0.75",224
"GBQR","2026-05-16",-1,"2026-05-09","Overall","quantile","0.8",227
"GBQR","2026-05-16",-1,"2026-05-09","Overall","quantile","0.85",229
"GBQR","2026-05-16",-1,"2026-05-09","Overall","quantile","0.9",240
"GBQR","2026-05-16",-1,"2026-05-09","Overall","quantile","0.95",241
"GBQR","2026-05-16",-1,"2026-05-09","Overall","quantile","0.975",244
"GBQR","2026-05-16",-1,"2026-05-09","Overall","quantile","0.99",261
"GBQR","2026-05-16",0,"2026-05-16","Overall","quantile","0.01",145
"GBQR","2026-05-16",0,"2026-05-16","Overall","quantile","0.025",158
"GBQR","2026-05-16",0,"2026-05-16","Overall","quantile","0.05",171
"GBQR","2026-05-16",0,"2026-05-16","Overall","quantile","0.1",184
"GBQR","2026-05-16",0,"2026-05-16","Overall","quantile","0.15",192
"GBQR","2026-05-16",0,"2026-05-16","Overall","quantile","0.2",192
"GBQR","2026-05-16",0,"2026-05-16","Overall","quantile","0.25",192
"GBQR","2026-05-16",0,"2026-05-16","Overall","quantile","0.3",196
"GBQR","2026-05-16",0,"2026-05-16","Overall","quantile","0.35",204
"GBQR","2026-05-16",0,"2026-05-16","Overall","quantile","0.4",205
"GBQR","2026-05-16",0,"2026-05-16","Overall","quantile","0.45",209
"GBQR","2026-05-16",0,"2026-05-16","Overall","quantile","0.5",213
"GBQR","2026-05-16",0,"2026-05-16","Overall","quantile","0.55",214
"GBQR","2026-05-16",0,"2026-05-16","Overall","quantile","0.6",216
"GBQR","2026-05-16",0,"2026-05-16","Overall","quantile","0.65",217
"GBQR","2026-05-16",0,"2026-05-16","Overall","quantile","0.7",221
"GBQR","2026-05-16",0,"2026-05-16","Overall","quantile","0.75",221
"GBQR","2026-05-16",0,"2026-05-16","Overall","quantile","0.8",223
"GBQR","2026-05-16",0,"2026-05-16","Overall","quantile","0.85",228
"GBQR","2026-05-16",0,"2026-05-16","Overall","quantile","0.9",239
"GBQR","2026-05-16",0,"2026-05-16","Overall","quantile","0.95",241
"GBQR","2026-05-16",0,"2026-05-16","Overall","quantile","0.975",243
"GBQR","2026-05-16",0,"2026-05-16","Overall","quantile","0.99",261
"GBQR","2026-05-16",1,"2026-05-23","Overall","quantile","0.01",141
"GBQR","2026-05-16",1,"2026-05-23","Overall","quantile","0.025",152
"GBQR","2026-05-16",1,"2026-05-23","Overall","quantile","0.05",170
"GBQR","2026-05-16",1,"2026-05-23","Overall","quantile","0.1",185
"GBQR","2026-05-16",1,"2026-05-23","Overall","quantile","0.15",190
"GBQR","2026-05-16",1,"2026-05-23","Overall","quantile","0.2",191
"GBQR","2026-05-16",1,"2026-05-23","Overall","quantile","0.25",191
"GBQR","2026-05-16",1,"2026-05-23","Overall","quantile","0.3",196
"GBQR","2026-05-16",1,"2026-05-23","Overall","quantile","0.35",205
"GBQR","2026-05-16",1,"2026-05-23","Overall","quantile","0.4",208
"GBQR","2026-05-16",1,"2026-05-23","Overall","quantile","0.45",208
"GBQR","2026-05-16",1,"2026-05-23","Overall","quantile","0.5",210
"GBQR","2026-05-16",1,"2026-05-23","Overall","quantile","0.55",212
"GBQR","2026-05-16",1,"2026-05-23","Overall","quantile","0.6",219
"GBQR","2026-05-16",1,"2026-05-23","Overall","quantile","0.65",220
"GBQR","2026-05-16",1,"2026-05-23","Overall","quantile","0.7",222
"GBQR","2026-05-16",1,"2026-05-23","Overall","quantile","0.75",223
"GBQR","2026-05-16",1,"2026-05-23","Overall","quantile","0.8",223
"GBQR","2026-05-16",1,"2026-05-23","Overall","quantile","0.85",226
"GBQR","2026-05-16",1,"2026-05-23","Overall","quantile","0.9",242
"GBQR","2026-05-16",1,"2026-05-23","Overall","quantile","0.95",242
"GBQR","2026-05-16",1,"2026-05-23","Overall","quantile","0.975",243
"GBQR","2026-05-16",1,"2026-05-23","Overall","quantile","0.99",269
"GBQR","2026-05-16",2,"2026-05-30","Overall","quantile","0.01",140
"GBQR","2026-05-16",2,"2026-05-30","Overall","quantile","0.025",152
"GBQR","2026-05-16",2,"2026-05-30","Overall","quantile","0.05",166
"GBQR","2026-05-16",2,"2026-05-30","Overall","quantile","0.1",180
"GBQR","2026-05-16",2,"2026-05-30","Overall","quantile","0.15",189
"GBQR","2026-05-16",2,"2026-05-30","Overall","quantile","0.2",191
"GBQR","2026-05-16",2,"2026-05-30","Overall","quantile","0.25",193
"GBQR","2026-05-16",2,"2026-05-30","Overall","quantile","0.3",196
"GBQR","2026-05-16",2,"2026-05-30","Overall","quantile","0.35",206
"GBQR","2026-05-16",2,"2026-05-30","Overall","quantile","0.4",209
"GBQR","2026-05-16",2,"2026-05-30","Overall","quantile","0.45",211
"GBQR","2026-05-16",2,"2026-05-30","Overall","quantile","0.5",212
"GBQR","2026-05-16",2,"2026-05-30","Overall","quantile","0.55",213
"GBQR","2026-05-16",2,"2026-05-30","Overall","quantile","0.6",220
"GBQR","2026-05-16",2,"2026-05-30","Overall","quantile","0.65",221
"GBQR","2026-05-16",2,"2026-05-30","Overall","quantile","0.7",224
"GBQR","2026-05-16",2,"2026-05-30","Overall","quantile","0.75",224
"GBQR","2026-05-16",2,"2026-05-30","Overall","quantile","0.8",229
"GBQR","2026-05-16",2,"2026-05-30","Overall","quantile","0.85",230
"GBQR","2026-05-16",2,"2026-05-30","Overall","quantile","0.9",243
"GBQR","2026-05-16",2,"2026-05-30","Overall","quantile","0.95",246
"GBQR","2026-05-16",2,"2026-05-30","Overall","quantile","0.975",246
"GBQR","2026-05-16",2,"2026-05-30","Overall","quantile","0.99",267
"GBQR","2026-05-16",3,"2026-06-06","Overall","quantile","0.01",141
"GBQR","2026-05-16",3,"2026-06-06","Overall","quantile","0.025",153
"GBQR","2026-05-16",3,"2026-06-06","Overall","quantile","0.05",161
"GBQR","2026-05-16",3,"2026-06-06","Overall","quantile","0.1",170
"GBQR","2026-05-16",3,"2026-06-06","Overall","quantile","0.15",186
"GBQR","2026-05-16",3,"2026-06-06","Overall","quantile","0.2",190
"GBQR","2026-05-16",3,"2026-06-06","Overall","quantile","0.25",191
"GBQR","2026-05-16",3,"2026-06-06","Overall","quantile","0.3",195
"GBQR","2026-05-16",3,"2026-06-06","Overall","quantile","0.35",205
"GBQR","2026-05-16",3,"2026-06-06","Overall","quantile","0.4",208
"GBQR","2026-05-16",3,"2026-06-06","Overall","quantile","0.45",211
"GBQR","2026-05-16",3,"2026-06-06","Overall","quantile","0.5",213
"GBQR","2026-05-16",3,"2026-06-06","Overall","quantile","0.55",217
"GBQR","2026-05-16",3,"2026-06-06","Overall","quantile","0.6",222
"GBQR","2026-05-16",3,"2026-06-06","Overall","quantile","0.65",224
"GBQR","2026-05-16",3,"2026-06-06","Overall","quantile","0.7",226
"GBQR","2026-05-16",3,"2026-06-06","Overall","quantile","0.75",230
"GBQR","2026-05-16",3,"2026-06-06","Overall","quantile","0.8",231
"GBQR","2026-05-16",3,"2026-06-06","Overall","quantile","0.85",231
"GBQR","2026-05-16",3,"2026-06-06","Overall","quantile","0.9",247
"GBQR","2026-05-16",3,"2026-06-06","Overall","quantile","0.95",247
"GBQR","2026-05-16",3,"2026-06-06","Overall","quantile","0.975",248
"GBQR","2026-05-16",3,"2026-06-06","Overall","quantile","0.99",263
"GBQR","2026-05-16",-2,"2026-05-02","Pediatrics","quantile","0.01",55
"GBQR","2026-05-16",-2,"2026-05-02","Pediatrics","quantile","0.025",66
"GBQR","2026-05-16",-2,"2026-05-02","Pediatrics","quantile","0.05",79
"GBQR","2026-05-16",-2,"2026-05-02","Pediatrics","quantile","0.1",79
"GBQR","2026-05-16",-2,"2026-05-02","Pediatrics","quantile","0.15",86
"GBQR","2026-05-16",-2,"2026-05-02","Pediatrics","quantile","0.2",87
"GBQR","2026-05-16",-2,"2026-05-02","Pediatrics","quantile","0.25",87
"GBQR","2026-05-16",-2,"2026-05-02","Pediatrics","quantile","0.3",90
"GBQR","2026-05-16",-2,"2026-05-02","Pediatrics","quantile","0.35",95
"GBQR","2026-05-16",-2,"2026-05-02","Pediatrics","quantile","0.4",98
"GBQR","2026-05-16",-2,"2026-05-02","Pediatrics","quantile","0.45",99
"GBQR","2026-05-16",-2,"2026-05-02","Pediatrics","quantile","0.5",100
"GBQR","2026-05-16",-2,"2026-05-02","Pediatrics","quantile","0.55",106
"GBQR","2026-05-16",-2,"2026-05-02","Pediatrics","quantile","0.6",106
"GBQR","2026-05-16",-2,"2026-05-02","Pediatrics","quantile","0.65",107
"GBQR","2026-05-16",-2,"2026-05-02","Pediatrics","quantile","0.7",109
"GBQR","2026-05-16",-2,"2026-05-02","Pediatrics","quantile","0.75",114
"GBQR","2026-05-16",-2,"2026-05-02","Pediatrics","quantile","0.8",114
"GBQR","2026-05-16",-2,"2026-05-02","Pediatrics","quantile","0.85",121
"GBQR","2026-05-16",-2,"2026-05-02","Pediatrics","quantile","0.9",123
"GBQR","2026-05-16",-2,"2026-05-02","Pediatrics","quantile","0.95",126
"GBQR","2026-05-16",-2,"2026-05-02","Pediatrics","quantile","0.975",128
"GBQR","2026-05-16",-2,"2026-05-02","Pediatrics","quantile","0.99",129
"GBQR","2026-05-16",-1,"2026-05-09","Pediatrics","quantile","0.01",55
"GBQR","2026-05-16",-1,"2026-05-09","Pediatrics","quantile","0.025",66
"GBQR","2026-05-16",-1,"2026-05-09","Pediatrics","quantile","0.05",79
"GBQR","2026-05-16",-1,"2026-05-09","Pediatrics","quantile","0.1",80
"GBQR","2026-05-16",-1,"2026-05-09","Pediatrics","quantile","0.15",86
"GBQR","2026-05-16",-1,"2026-05-09","Pediatrics","quantile","0.2",87
"GBQR","2026-05-16",-1,"2026-05-09","Pediatrics","quantile","0.25",88
"GBQR","2026-05-16",-1,"2026-05-09","Pediatrics","quantile","0.3",90
"GBQR","2026-05-16",-1,"2026-05-09","Pediatrics","quantile","0.35",96
"GBQR","2026-05-16",-1,"2026-05-09","Pediatrics","quantile","0.4",98
"GBQR","2026-05-16",-1,"2026-05-09","Pediatrics","quantile","0.45",100
"GBQR","2026-05-16",-1,"2026-05-09","Pediatrics","quantile","0.5",101
"GBQR","2026-05-16",-1,"2026-05-09","Pediatrics","quantile","0.55",106
"GBQR","2026-05-16",-1,"2026-05-09","Pediatrics","quantile","0.6",107
"GBQR","2026-05-16",-1,"2026-05-09","Pediatrics","quantile","0.65",109
"GBQR","2026-05-16",-1,"2026-05-09","Pediatrics","quantile","0.7",111
"GBQR","2026-05-16",-1,"2026-05-09","Pediatrics","quantile","0.75",113
"GBQR","2026-05-16",-1,"2026-05-09","Pediatrics","quantile","0.8",116
"GBQR","2026-05-16",-1,"2026-05-09","Pediatrics","quantile","0.85",121
"GBQR","2026-05-16",-1,"2026-05-09","Pediatrics","quantile","0.9",124
"GBQR","2026-05-16",-1,"2026-05-09","Pediatrics","quantile","0.95",126
"GBQR","2026-05-16",-1,"2026-05-09","Pediatrics","quantile","0.975",128
"GBQR","2026-05-16",-1,"2026-05-09","Pediatrics","quantile","0.99",129
"GBQR","2026-05-16",0,"2026-05-16","Pediatrics","quantile","0.01",55
"GBQR","2026-05-16",0,"2026-05-16","Pediatrics","quantile","0.025",65
"GBQR","2026-05-16",0,"2026-05-16","Pediatrics","quantile","0.05",80
"GBQR","2026-05-16",0,"2026-05-16","Pediatrics","quantile","0.1",80
"GBQR","2026-05-16",0,"2026-05-16","Pediatrics","quantile","0.15",85
"GBQR","2026-05-16",0,"2026-05-16","Pediatrics","quantile","0.2",88
"GBQR","2026-05-16",0,"2026-05-16","Pediatrics","quantile","0.25",90
"GBQR","2026-05-16",0,"2026-05-16","Pediatrics","quantile","0.3",94
"GBQR","2026-05-16",0,"2026-05-16","Pediatrics","quantile","0.35",98
"GBQR","2026-05-16",0,"2026-05-16","Pediatrics","quantile","0.4",101
"GBQR","2026-05-16",0,"2026-05-16","Pediatrics","quantile","0.45",101
"GBQR","2026-05-16",0,"2026-05-16","Pediatrics","quantile","0.5",102
"GBQR","2026-05-16",0,"2026-05-16","Pediatrics","quantile","0.55",106
"GBQR","2026-05-16",0,"2026-05-16","Pediatrics","quantile","0.6",112
"GBQR","2026-05-16",0,"2026-05-16","Pediatrics","quantile","0.65",113
"GBQR","2026-05-16",0,"2026-05-16","Pediatrics","quantile","0.7",115
"GBQR","2026-05-16",0,"2026-05-16","Pediatrics","quantile","0.75",117
"GBQR","2026-05-16",0,"2026-05-16","Pediatrics","quantile","0.8",119
"GBQR","2026-05-16",0,"2026-05-16","Pediatrics","quantile","0.85",121
"GBQR","2026-05-16",0,"2026-05-16","Pediatrics","quantile","0.9",126
"GBQR","2026-05-16",0,"2026-05-16","Pediatrics","quantile","0.95",126
"GBQR","2026-05-16",0,"2026-05-16","Pediatrics","quantile","0.975",128
"GBQR","2026-05-16",0,"2026-05-16","Pediatrics","quantile","0.99",129
"GBQR","2026-05-16",1,"2026-05-23","Pediatrics","quantile","0.01",55
"GBQR","2026-05-16",1,"2026-05-23","Pediatrics","quantile","0.025",64
"GBQR","2026-05-16",1,"2026-05-23","Pediatrics","quantile","0.05",78
"GBQR","2026-05-16",1,"2026-05-23","Pediatrics","quantile","0.1",79
"GBQR","2026-05-16",1,"2026-05-23","Pediatrics","quantile","0.15",84
"GBQR","2026-05-16",1,"2026-05-23","Pediatrics","quantile","0.2",87
"GBQR","2026-05-16",1,"2026-05-23","Pediatrics","quantile","0.25",90
"GBQR","2026-05-16",1,"2026-05-23","Pediatrics","quantile","0.3",95
"GBQR","2026-05-16",1,"2026-05-23","Pediatrics","quantile","0.35",101
"GBQR","2026-05-16",1,"2026-05-23","Pediatrics","quantile","0.4",101
"GBQR","2026-05-16",1,"2026-05-23","Pediatrics","quantile","0.45",101
"GBQR","2026-05-16",1,"2026-05-23","Pediatrics","quantile","0.5",102
"GBQR","2026-05-16",1,"2026-05-23","Pediatrics","quantile","0.55",108
"GBQR","2026-05-16",1,"2026-05-23","Pediatrics","quantile","0.6",115
"GBQR","2026-05-16",1,"2026-05-23","Pediatrics","quantile","0.65",116
"GBQR","2026-05-16",1,"2026-05-23","Pediatrics","quantile","0.7",118
"GBQR","2026-05-16",1,"2026-05-23","Pediatrics","quantile","0.75",120
"GBQR","2026-05-16",1,"2026-05-23","Pediatrics","quantile","0.8",121
"GBQR","2026-05-16",1,"2026-05-23","Pediatrics","quantile","0.85",123
"GBQR","2026-05-16",1,"2026-05-23","Pediatrics","quantile","0.9",125
"GBQR","2026-05-16",1,"2026-05-23","Pediatrics","quantile","0.95",130
"GBQR","2026-05-16",1,"2026-05-23","Pediatrics","quantile","0.975",132
"GBQR","2026-05-16",1,"2026-05-23","Pediatrics","quantile","0.99",132
"GBQR","2026-05-16",2,"2026-05-30","Pediatrics","quantile","0.01",55
"GBQR","2026-05-16",2,"2026-05-30","Pediatrics","quantile","0.025",64
"GBQR","2026-05-16",2,"2026-05-30","Pediatrics","quantile","0.05",75
"GBQR","2026-05-16",2,"2026-05-30","Pediatrics","quantile","0.1",77
"GBQR","2026-05-16",2,"2026-05-30","Pediatrics","quantile","0.15",81
"GBQR","2026-05-16",2,"2026-05-30","Pediatrics","quantile","0.2",86
"GBQR","2026-05-16",2,"2026-05-30","Pediatrics","quantile","0.25",88
"GBQR","2026-05-16",2,"2026-05-30","Pediatrics","quantile","0.3",94
"GBQR","2026-05-16",2,"2026-05-30","Pediatrics","quantile","0.35",99
"GBQR","2026-05-16",2,"2026-05-30","Pediatrics","quantile","0.4",100
"GBQR","2026-05-16",2,"2026-05-30","Pediatrics","quantile","0.45",101
"GBQR","2026-05-16",2,"2026-05-30","Pediatrics","quantile","0.5",103
"GBQR","2026-05-16",2,"2026-05-30","Pediatrics","quantile","0.55",107
"GBQR","2026-05-16",2,"2026-05-30","Pediatrics","quantile","0.6",115
"GBQR","2026-05-16",2,"2026-05-30","Pediatrics","quantile","0.65",117
"GBQR","2026-05-16",2,"2026-05-30","Pediatrics","quantile","0.7",119
"GBQR","2026-05-16",2,"2026-05-30","Pediatrics","quantile","0.75",119
"GBQR","2026-05-16",2,"2026-05-30","Pediatrics","quantile","0.8",123
"GBQR","2026-05-16",2,"2026-05-30","Pediatrics","quantile","0.85",125
"GBQR","2026-05-16",2,"2026-05-30","Pediatrics","quantile","0.9",126
"GBQR","2026-05-16",2,"2026-05-30","Pediatrics","quantile","0.95",130
"GBQR","2026-05-16",2,"2026-05-30","Pediatrics","quantile","0.975",131
"GBQR","2026-05-16",2,"2026-05-30","Pediatrics","quantile","0.99",135
"GBQR","2026-05-16",3,"2026-06-06","Pediatrics","quantile","0.01",55
"GBQR","2026-05-16",3,"2026-06-06","Pediatrics","quantile","0.025",66
"GBQR","2026-05-16",3,"2026-06-06","Pediatrics","quantile","0.05",76
"GBQR","2026-05-16",3,"2026-06-06","Pediatrics","quantile","0.1",79
"GBQR","2026-05-16",3,"2026-06-06","Pediatrics","quantile","0.15",82
"GBQR","2026-05-16",3,"2026-06-06","Pediatrics","quantile","0.2",83
"GBQR","2026-05-16",3,"2026-06-06","Pediatrics","quantile","0.25",88
"GBQR","2026-05-16",3,"2026-06-06","Pediatrics","quantile","0.3",93
"GBQR","2026-05-16",3,"2026-06-06","Pediatrics","quantile","0.35",97
"GBQR","2026-05-16",3,"2026-06-06","Pediatrics","quantile","0.4",98
"GBQR","2026-05-16",3,"2026-06-06","Pediatrics","quantile","0.45",101
"GBQR","2026-05-16",3,"2026-06-06","Pediatrics","quantile","0.5",101
"GBQR","2026-05-16",3,"2026-06-06","Pediatrics","quantile","0.55",105
"GBQR","2026-05-16",3,"2026-06-06","Pediatrics","quantile","0.6",115
"GBQR","2026-05-16",3,"2026-06-06","Pediatrics","quantile","0.65",116
"GBQR","2026-05-16",3,"2026-06-06","Pediatrics","quantile","0.7",117
"GBQR","2026-05-16",3,"2026-06-06","Pediatrics","quantile","0.75",119
"GBQR","2026-05-16",3,"2026-06-06","Pediatrics","quantile","0.8",121
"GBQR","2026-05-16",3,"2026-06-06","Pediatrics","quantile","0.85",123
"GBQR","2026-05-16",3,"2026-06-06","Pediatrics","quantile","0.9",126
"GBQR","2026-05-16",3,"2026-06-06","Pediatrics","quantile","0.95",131
"GBQR","2026-05-16",3,"2026-06-06","Pediatrics","quantile","0.975",134
"GBQR","2026-05-16",3,"2026-06-06","Pediatrics","quantile","0.99",135
"newGBQR","2026-05-16",-2,"2026-05-02","Adults","quantile","0.01",60
"newGBQR","2026-05-16",-2,"2026-05-02","Adults","quantile","0.025",70
"newGBQR","2026-05-16",-2,"2026-05-02","Adults","quantile","0.05",82
"newGBQR","2026-05-16",-2,"2026-05-02","Adults","quantile","0.1",98
"newGBQR","2026-05-16",-2,"2026-05-02","Adults","quantile","0.15",101
"newGBQR","2026-05-16",-2,"2026-05-02","Adults","quantile","0.2",105
"newGBQR","2026-05-16",-2,"2026-05-02","Adults","quantile","0.25",108
"newGBQR","2026-05-16",-2,"2026-05-02","Adults","quantile","0.3",109
"newGBQR","2026-05-16",-2,"2026-05-02","Adults","quantile","0.35",110
"newGBQR","2026-05-16",-2,"2026-05-02","Adults","quantile","0.4",112
"newGBQR","2026-05-16",-2,"2026-05-02","Adults","quantile","0.45",115
"newGBQR","2026-05-16",-2,"2026-05-02","Adults","quantile","0.5",117
"newGBQR","2026-05-16",-2,"2026-05-02","Adults","quantile","0.55",121
"newGBQR","2026-05-16",-2,"2026-05-02","Adults","quantile","0.6",123
"newGBQR","2026-05-16",-2,"2026-05-02","Adults","quantile","0.65",128
"newGBQR","2026-05-16",-2,"2026-05-02","Adults","quantile","0.7",129
"newGBQR","2026-05-16",-2,"2026-05-02","Adults","quantile","0.75",131
"newGBQR","2026-05-16",-2,"2026-05-02","Adults","quantile","0.8",134
"newGBQR","2026-05-16",-2,"2026-05-02","Adults","quantile","0.85",138
"newGBQR","2026-05-16",-2,"2026-05-02","Adults","quantile","0.9",146
"newGBQR","2026-05-16",-2,"2026-05-02","Adults","quantile","0.95",160
"newGBQR","2026-05-16",-2,"2026-05-02","Adults","quantile","0.975",176
"newGBQR","2026-05-16",-2,"2026-05-02","Adults","quantile","0.99",193
"newGBQR","2026-05-16",-1,"2026-05-09","Adults","quantile","0.01",61
"newGBQR","2026-05-16",-1,"2026-05-09","Adults","quantile","0.025",70
"newGBQR","2026-05-16",-1,"2026-05-09","Adults","quantile","0.05",83
"newGBQR","2026-05-16",-1,"2026-05-09","Adults","quantile","0.1",97
"newGBQR","2026-05-16",-1,"2026-05-09","Adults","quantile","0.15",102
"newGBQR","2026-05-16",-1,"2026-05-09","Adults","quantile","0.2",107
"newGBQR","2026-05-16",-1,"2026-05-09","Adults","quantile","0.25",111
"newGBQR","2026-05-16",-1,"2026-05-09","Adults","quantile","0.3",113
"newGBQR","2026-05-16",-1,"2026-05-09","Adults","quantile","0.35",114
"newGBQR","2026-05-16",-1,"2026-05-09","Adults","quantile","0.4",116
"newGBQR","2026-05-16",-1,"2026-05-09","Adults","quantile","0.45",117
"newGBQR","2026-05-16",-1,"2026-05-09","Adults","quantile","0.5",121
"newGBQR","2026-05-16",-1,"2026-05-09","Adults","quantile","0.55",124
"newGBQR","2026-05-16",-1,"2026-05-09","Adults","quantile","0.6",127
"newGBQR","2026-05-16",-1,"2026-05-09","Adults","quantile","0.65",133
"newGBQR","2026-05-16",-1,"2026-05-09","Adults","quantile","0.7",134
"newGBQR","2026-05-16",-1,"2026-05-09","Adults","quantile","0.75",138
"newGBQR","2026-05-16",-1,"2026-05-09","Adults","quantile","0.8",142
"newGBQR","2026-05-16",-1,"2026-05-09","Adults","quantile","0.85",148
"newGBQR","2026-05-16",-1,"2026-05-09","Adults","quantile","0.9",154
"newGBQR","2026-05-16",-1,"2026-05-09","Adults","quantile","0.95",164
"newGBQR","2026-05-16",-1,"2026-05-09","Adults","quantile","0.975",179
"newGBQR","2026-05-16",-1,"2026-05-09","Adults","quantile","0.99",196
"newGBQR","2026-05-16",0,"2026-05-16","Adults","quantile","0.01",61
"newGBQR","2026-05-16",0,"2026-05-16","Adults","quantile","0.025",71
"newGBQR","2026-05-16",0,"2026-05-16","Adults","quantile","0.05",82
"newGBQR","2026-05-16",0,"2026-05-16","Adults","quantile","0.1",97
"newGBQR","2026-05-16",0,"2026-05-16","Adults","quantile","0.15",103
"newGBQR","2026-05-16",0,"2026-05-16","Adults","quantile","0.2",109
"newGBQR","2026-05-16",0,"2026-05-16","Adults","quantile","0.25",114
"newGBQR","2026-05-16",0,"2026-05-16","Adults","quantile","0.3",116
"newGBQR","2026-05-16",0,"2026-05-16","Adults","quantile","0.35",119
"newGBQR","2026-05-16",0,"2026-05-16","Adults","quantile","0.4",121
"newGBQR","2026-05-16",0,"2026-05-16","Adults","quantile","0.45",124
"newGBQR","2026-05-16",0,"2026-05-16","Adults","quantile","0.5",128
"newGBQR","2026-05-16",0,"2026-05-16","Adults","quantile","0.55",132
"newGBQR","2026-05-16",0,"2026-05-16","Adults","quantile","0.6",135
"newGBQR","2026-05-16",0,"2026-05-16","Adults","quantile","0.65",143
"newGBQR","2026-05-16",0,"2026-05-16","Adults","quantile","0.7",143
"newGBQR","2026-05-16",0,"2026-05-16","Adults","quantile","0.75",148
"newGBQR","2026-05-16",0,"2026-05-16","Adults","quantile","0.8",153
"newGBQR","2026-05-16",0,"2026-05-16","Adults","quantile","0.85",156
"newGBQR","2026-05-16",0,"2026-05-16","Adults","quantile","0.9",162
"newGBQR","2026-05-16",0,"2026-05-16","Adults","quantile","0.95",170
"newGBQR","2026-05-16",0,"2026-05-16","Adults","quantile","0.975",180
"newGBQR","2026-05-16",0,"2026-05-16","Adults","quantile","0.99",196
"newGBQR","2026-05-16",1,"2026-05-23","Adults","quantile","0.01",60
"newGBQR","2026-05-16",1,"2026-05-23","Adults","quantile","0.025",71
"newGBQR","2026-05-16",1,"2026-05-23","Adults","quantile","0.05",82
"newGBQR","2026-05-16",1,"2026-05-23","Adults","quantile","0.1",97
"newGBQR","2026-05-16",1,"2026-05-23","Adults","quantile","0.15",105
"newGBQR","2026-05-16",1,"2026-05-23","Adults","quantile","0.2",112
"newGBQR","2026-05-16",1,"2026-05-23","Adults","quantile","0.25",116
"newGBQR","2026-05-16",1,"2026-05-23","Adults","quantile","0.3",119
"newGBQR","2026-05-16",1,"2026-05-23","Adults","quantile","0.35",120
"newGBQR","2026-05-16",1,"2026-05-23","Adults","quantile","0.4",125
"newGBQR","2026-05-16",1,"2026-05-23","Adults","quantile","0.45",128
"newGBQR","2026-05-16",1,"2026-05-23","Adults","quantile","0.5",135
"newGBQR","2026-05-16",1,"2026-05-23","Adults","quantile","0.55",138
"newGBQR","2026-05-16",1,"2026-05-23","Adults","quantile","0.6",141
"newGBQR","2026-05-16",1,"2026-05-23","Adults","quantile","0.65",148
"newGBQR","2026-05-16",1,"2026-05-23","Adults","quantile","0.7",151
"newGBQR","2026-05-16",1,"2026-05-23","Adults","quantile","0.75",156
"newGBQR","2026-05-16",1,"2026-05-23","Adults","quantile","0.8",164
"newGBQR","2026-05-16",1,"2026-05-23","Adults","quantile","0.85",168
"newGBQR","2026-05-16",1,"2026-05-23","Adults","quantile","0.9",173
"newGBQR","2026-05-16",1,"2026-05-23","Adults","quantile","0.95",178
"newGBQR","2026-05-16",1,"2026-05-23","Adults","quantile","0.975",189
"newGBQR","2026-05-16",1,"2026-05-23","Adults","quantile","0.99",201
"newGBQR","2026-05-16",2,"2026-05-30","Adults","quantile","0.01",60
"newGBQR","2026-05-16",2,"2026-05-30","Adults","quantile","0.025",70
"newGBQR","2026-05-16",2,"2026-05-30","Adults","quantile","0.05",82
"newGBQR","2026-05-16",2,"2026-05-30","Adults","quantile","0.1",97
"newGBQR","2026-05-16",2,"2026-05-30","Adults","quantile","0.15",105
"newGBQR","2026-05-16",2,"2026-05-30","Adults","quantile","0.2",113
"newGBQR","2026-05-16",2,"2026-05-30","Adults","quantile","0.25",116
"newGBQR","2026-05-16",2,"2026-05-30","Adults","quantile","0.3",120
"newGBQR","2026-05-16",2,"2026-05-30","Adults","quantile","0.35",122
"newGBQR","2026-05-16",2,"2026-05-30","Adults","quantile","0.4",126
"newGBQR","2026-05-16",2,"2026-05-30","Adults","quantile","0.45",129
"newGBQR","2026-05-16",2,"2026-05-30","Adults","quantile","0.5",135
"newGBQR","2026-05-16",2,"2026-05-30","Adults","quantile","0.55",139
"newGBQR","2026-05-16",2,"2026-05-30","Adults","quantile","0.6",142
"newGBQR","2026-05-16",2,"2026-05-30","Adults","quantile","0.65",150
"newGBQR","2026-05-16",2,"2026-05-30","Adults","quantile","0.7",155
"newGBQR","2026-05-16",2,"2026-05-30","Adults","quantile","0.75",164
"newGBQR","2026-05-16",2,"2026-05-30","Adults","quantile","0.8",169
"newGBQR","2026-05-16",2,"2026-05-30","Adults","quantile","0.85",176
"newGBQR","2026-05-16",2,"2026-05-30","Adults","quantile","0.9",182
"newGBQR","2026-05-16",2,"2026-05-30","Adults","quantile","0.95",185
"newGBQR","2026-05-16",2,"2026-05-30","Adults","quantile","0.975",194
"newGBQR","2026-05-16",2,"2026-05-30","Adults","quantile","0.99",208
"newGBQR","2026-05-16",3,"2026-06-06","Adults","quantile","0.01",60
"newGBQR","2026-05-16",3,"2026-06-06","Adults","quantile","0.025",70
"newGBQR","2026-05-16",3,"2026-06-06","Adults","quantile","0.05",82
"newGBQR","2026-05-16",3,"2026-06-06","Adults","quantile","0.1",97
"newGBQR","2026-05-16",3,"2026-06-06","Adults","quantile","0.15",106
"newGBQR","2026-05-16",3,"2026-06-06","Adults","quantile","0.2",112
"newGBQR","2026-05-16",3,"2026-06-06","Adults","quantile","0.25",116
"newGBQR","2026-05-16",3,"2026-06-06","Adults","quantile","0.3",120
"newGBQR","2026-05-16",3,"2026-06-06","Adults","quantile","0.35",122
"newGBQR","2026-05-16",3,"2026-06-06","Adults","quantile","0.4",126
"newGBQR","2026-05-16",3,"2026-06-06","Adults","quantile","0.45",130
"newGBQR","2026-05-16",3,"2026-06-06","Adults","quantile","0.5",135
"newGBQR","2026-05-16",3,"2026-06-06","Adults","quantile","0.55",140
"newGBQR","2026-05-16",3,"2026-06-06","Adults","quantile","0.6",142
"newGBQR","2026-05-16",3,"2026-06-06","Adults","quantile","0.65",152
"newGBQR","2026-05-16",3,"2026-06-06","Adults","quantile","0.7",157
"newGBQR","2026-05-16",3,"2026-06-06","Adults","quantile","0.75",165
"newGBQR","2026-05-16",3,"2026-06-06","Adults","quantile","0.8",172
"newGBQR","2026-05-16",3,"2026-06-06","Adults","quantile","0.85",177
"newGBQR","2026-05-16",3,"2026-06-06","Adults","quantile","0.9",183
"newGBQR","2026-05-16",3,"2026-06-06","Adults","quantile","0.95",188
"newGBQR","2026-05-16",3,"2026-06-06","Adults","quantile","0.975",198
"newGBQR","2026-05-16",3,"2026-06-06","Adults","quantile","0.99",210
"newGBQR","2026-05-16",-2,"2026-05-02","Overall","quantile","0.01",122
"newGBQR","2026-05-16",-2,"2026-05-02","Overall","quantile","0.025",139
"newGBQR","2026-05-16",-2,"2026-05-02","Overall","quantile","0.05",158
"newGBQR","2026-05-16",-2,"2026-05-02","Overall","quantile","0.1",181
"newGBQR","2026-05-16",-2,"2026-05-02","Overall","quantile","0.15",193
"newGBQR","2026-05-16",-2,"2026-05-02","Overall","quantile","0.2",200
"newGBQR","2026-05-16",-2,"2026-05-02","Overall","quantile","0.25",201
"newGBQR","2026-05-16",-2,"2026-05-02","Overall","quantile","0.3",205
"newGBQR","2026-05-16",-2,"2026-05-02","Overall","quantile","0.35",206
"newGBQR","2026-05-16",-2,"2026-05-02","Overall","quantile","0.4",210
"newGBQR","2026-05-16",-2,"2026-05-02","Overall","quantile","0.45",213
"newGBQR","2026-05-16",-2,"2026-05-02","Overall","quantile","0.5",215
"newGBQR","2026-05-16",-2,"2026-05-02","Overall","quantile","0.55",219
"newGBQR","2026-05-16",-2,"2026-05-02","Overall","quantile","0.6",225
"newGBQR","2026-05-16",-2,"2026-05-02","Overall","quantile","0.65",228
"newGBQR","2026-05-16",-2,"2026-05-02","Overall","quantile","0.7",229
"newGBQR","2026-05-16",-2,"2026-05-02","Overall","quantile","0.75",231
"newGBQR","2026-05-16",-2,"2026-05-02","Overall","quantile","0.8",237
"newGBQR","2026-05-16",-2,"2026-05-02","Overall","quantile","0.85",242
"newGBQR","2026-05-16",-2,"2026-05-02","Overall","quantile","0.9",254
"newGBQR","2026-05-16",-2,"2026-05-02","Overall","quantile","0.95",277
"newGBQR","2026-05-16",-2,"2026-05-02","Overall","quantile","0.975",301
"newGBQR","2026-05-16",-2,"2026-05-02","Overall","quantile","0.99",327
"newGBQR","2026-05-16",-1,"2026-05-09","Overall","quantile","0.01",122
"newGBQR","2026-05-16",-1,"2026-05-09","Overall","quantile","0.025",139
"newGBQR","2026-05-16",-1,"2026-05-09","Overall","quantile","0.05",158
"newGBQR","2026-05-16",-1,"2026-05-09","Overall","quantile","0.1",182
"newGBQR","2026-05-16",-1,"2026-05-09","Overall","quantile","0.15",194
"newGBQR","2026-05-16",-1,"2026-05-09","Overall","quantile","0.2",205
"newGBQR","2026-05-16",-1,"2026-05-09","Overall","quantile","0.25",208
"newGBQR","2026-05-16",-1,"2026-05-09","Overall","quantile","0.3",213
"newGBQR","2026-05-16",-1,"2026-05-09","Overall","quantile","0.35",214
"newGBQR","2026-05-16",-1,"2026-05-09","Overall","quantile","0.4",219
"newGBQR","2026-05-16",-1,"2026-05-09","Overall","quantile","0.45",222
"newGBQR","2026-05-16",-1,"2026-05-09","Overall","quantile","0.5",222
"newGBQR","2026-05-16",-1,"2026-05-09","Overall","quantile","0.55",224
"newGBQR","2026-05-16",-1,"2026-05-09","Overall","quantile","0.6",231
"newGBQR","2026-05-16",-1,"2026-05-09","Overall","quantile","0.65",233
"newGBQR","2026-05-16",-1,"2026-05-09","Overall","quantile","0.7",236
"newGBQR","2026-05-16",-1,"2026-05-09","Overall","quantile","0.75",238
"newGBQR","2026-05-16",-1,"2026-05-09","Overall","quantile","0.8",245
"newGBQR","2026-05-16",-1,"2026-05-09","Overall","quantile","0.85",246
"newGBQR","2026-05-16",-1,"2026-05-09","Overall","quantile","0.9",260
"newGBQR","2026-05-16",-1,"2026-05-09","Overall","quantile","0.95",281
"newGBQR","2026-05-16",-1,"2026-05-09","Overall","quantile","0.975",301
"newGBQR","2026-05-16",-1,"2026-05-09","Overall","quantile","0.99",328
"newGBQR","2026-05-16",0,"2026-05-16","Overall","quantile","0.01",122
"newGBQR","2026-05-16",0,"2026-05-16","Overall","quantile","0.025",139
"newGBQR","2026-05-16",0,"2026-05-16","Overall","quantile","0.05",159
"newGBQR","2026-05-16",0,"2026-05-16","Overall","quantile","0.1",182
"newGBQR","2026-05-16",0,"2026-05-16","Overall","quantile","0.15",196
"newGBQR","2026-05-16",0,"2026-05-16","Overall","quantile","0.2",206
"newGBQR","2026-05-16",0,"2026-05-16","Overall","quantile","0.25",213
"newGBQR","2026-05-16",0,"2026-05-16","Overall","quantile","0.3",220
"newGBQR","2026-05-16",0,"2026-05-16","Overall","quantile","0.35",226
"newGBQR","2026-05-16",0,"2026-05-16","Overall","quantile","0.4",233
"newGBQR","2026-05-16",0,"2026-05-16","Overall","quantile","0.45",237
"newGBQR","2026-05-16",0,"2026-05-16","Overall","quantile","0.5",239
"newGBQR","2026-05-16",0,"2026-05-16","Overall","quantile","0.55",244
"newGBQR","2026-05-16",0,"2026-05-16","Overall","quantile","0.6",252
"newGBQR","2026-05-16",0,"2026-05-16","Overall","quantile","0.65",256
"newGBQR","2026-05-16",0,"2026-05-16","Overall","quantile","0.7",258
"newGBQR","2026-05-16",0,"2026-05-16","Overall","quantile","0.75",267
"newGBQR","2026-05-16",0,"2026-05-16","Overall","quantile","0.8",272
"newGBQR","2026-05-16",0,"2026-05-16","Overall","quantile","0.85",272
"newGBQR","2026-05-16",0,"2026-05-16","Overall","quantile","0.9",280
"newGBQR","2026-05-16",0,"2026-05-16","Overall","quantile","0.95",292
"newGBQR","2026-05-16",0,"2026-05-16","Overall","quantile","0.975",304
"newGBQR","2026-05-16",0,"2026-05-16","Overall","quantile","0.99",329
"newGBQR","2026-05-16",1,"2026-05-23","Overall","quantile","0.01",122
"newGBQR","2026-05-16",1,"2026-05-23","Overall","quantile","0.025",138
"newGBQR","2026-05-16",1,"2026-05-23","Overall","quantile","0.05",159
"newGBQR","2026-05-16",1,"2026-05-23","Overall","quantile","0.1",183
"newGBQR","2026-05-16",1,"2026-05-23","Overall","quantile","0.15",196
"newGBQR","2026-05-16",1,"2026-05-23","Overall","quantile","0.2",208
"newGBQR","2026-05-16",1,"2026-05-23","Overall","quantile","0.25",217
"newGBQR","2026-05-16",1,"2026-05-23","Overall","quantile","0.3",224
"newGBQR","2026-05-16",1,"2026-05-23","Overall","quantile","0.35",231
"newGBQR","2026-05-16",1,"2026-05-23","Overall","quantile","0.4",238
"newGBQR","2026-05-16",1,"2026-05-23","Overall","quantile","0.45",243
"newGBQR","2026-05-16",1,"2026-05-23","Overall","quantile","0.5",243
"newGBQR","2026-05-16",1,"2026-05-23","Overall","quantile","0.55",248
"newGBQR","2026-05-16",1,"2026-05-23","Overall","quantile","0.6",255
"newGBQR","2026-05-16",1,"2026-05-23","Overall","quantile","0.65",263
"newGBQR","2026-05-16",1,"2026-05-23","Overall","quantile","0.7",267
"newGBQR","2026-05-16",1,"2026-05-23","Overall","quantile","0.75",279
"newGBQR","2026-05-16",1,"2026-05-23","Overall","quantile","0.8",282
"newGBQR","2026-05-16",1,"2026-05-23","Overall","quantile","0.85",289
"newGBQR","2026-05-16",1,"2026-05-23","Overall","quantile","0.9",298
"newGBQR","2026-05-16",1,"2026-05-23","Overall","quantile","0.95",307
"newGBQR","2026-05-16",1,"2026-05-23","Overall","quantile","0.975",314
"newGBQR","2026-05-16",1,"2026-05-23","Overall","quantile","0.99",338
"newGBQR","2026-05-16",2,"2026-05-30","Overall","quantile","0.01",122
"newGBQR","2026-05-16",2,"2026-05-30","Overall","quantile","0.025",138
"newGBQR","2026-05-16",2,"2026-05-30","Overall","quantile","0.05",160
"newGBQR","2026-05-16",2,"2026-05-30","Overall","quantile","0.1",183
"newGBQR","2026-05-16",2,"2026-05-30","Overall","quantile","0.15",196
"newGBQR","2026-05-16",2,"2026-05-30","Overall","quantile","0.2",208
"newGBQR","2026-05-16",2,"2026-05-30","Overall","quantile","0.25",219
"newGBQR","2026-05-16",2,"2026-05-30","Overall","quantile","0.3",225
"newGBQR","2026-05-16",2,"2026-05-30","Overall","quantile","0.35",233
"newGBQR","2026-05-16",2,"2026-05-30","Overall","quantile","0.4",239
"newGBQR","2026-05-16",2,"2026-05-30","Overall","quantile","0.45",244
"newGBQR","2026-05-16",2,"2026-05-30","Overall","quantile","0.5",244
"newGBQR","2026-05-16",2,"2026-05-30","Overall","quantile","0.55",249
"newGBQR","2026-05-16",2,"2026-05-30","Overall","quantile","0.6",258
"newGBQR","2026-05-16",2,"2026-05-30","Overall","quantile","0.65",265
"newGBQR","2026-05-16",2,"2026-05-30","Overall","quantile","0.7",272
"newGBQR","2026-05-16",2,"2026-05-30","Overall","quantile","0.75",285
"newGBQR","2026-05-16",2,"2026-05-30","Overall","quantile","0.8",290
"newGBQR","2026-05-16",2,"2026-05-30","Overall","quantile","0.85",299
"newGBQR","2026-05-16",2,"2026-05-30","Overall","quantile","0.9",309
"newGBQR","2026-05-16",2,"2026-05-30","Overall","quantile","0.95",318
"newGBQR","2026-05-16",2,"2026-05-30","Overall","quantile","0.975",324
"newGBQR","2026-05-16",2,"2026-05-30","Overall","quantile","0.99",345
"newGBQR","2026-05-16",3,"2026-06-06","Overall","quantile","0.01",122
"newGBQR","2026-05-16",3,"2026-06-06","Overall","quantile","0.025",137
"newGBQR","2026-05-16",3,"2026-06-06","Overall","quantile","0.05",160
"newGBQR","2026-05-16",3,"2026-06-06","Overall","quantile","0.1",183
"newGBQR","2026-05-16",3,"2026-06-06","Overall","quantile","0.15",197
"newGBQR","2026-05-16",3,"2026-06-06","Overall","quantile","0.2",208
"newGBQR","2026-05-16",3,"2026-06-06","Overall","quantile","0.25",219
"newGBQR","2026-05-16",3,"2026-06-06","Overall","quantile","0.3",228
"newGBQR","2026-05-16",3,"2026-06-06","Overall","quantile","0.35",235
"newGBQR","2026-05-16",3,"2026-06-06","Overall","quantile","0.4",241
"newGBQR","2026-05-16",3,"2026-06-06","Overall","quantile","0.45",247
"newGBQR","2026-05-16",3,"2026-06-06","Overall","quantile","0.5",247
"newGBQR","2026-05-16",3,"2026-06-06","Overall","quantile","0.55",251
"newGBQR","2026-05-16",3,"2026-06-06","Overall","quantile","0.6",261
"newGBQR","2026-05-16",3,"2026-06-06","Overall","quantile","0.65",268
"newGBQR","2026-05-16",3,"2026-06-06","Overall","quantile","0.7",273
"newGBQR","2026-05-16",3,"2026-06-06","Overall","quantile","0.75",286
"newGBQR","2026-05-16",3,"2026-06-06","Overall","quantile","0.8",295
"newGBQR","2026-05-16",3,"2026-06-06","Overall","quantile","0.85",306
"newGBQR","2026-05-16",3,"2026-06-06","Overall","quantile","0.9",313
"newGBQR","2026-05-16",3,"2026-06-06","Overall","quantile","0.95",324
"newGBQR","2026-05-16",3,"2026-06-06","Overall","quantile","0.975",325
"newGBQR","2026-05-16",3,"2026-06-06","Overall","quantile","0.99",352
"newGBQR","2026-05-16",-2,"2026-05-02","Pediatrics","quantile","0.01",45
"newGBQR","2026-05-16",-2,"2026-05-02","Pediatrics","quantile","0.025",55
"newGBQR","2026-05-16",-2,"2026-05-02","Pediatrics","quantile","0.05",67
"newGBQR","2026-05-16",-2,"2026-05-02","Pediatrics","quantile","0.1",80
"newGBQR","2026-05-16",-2,"2026-05-02","Pediatrics","quantile","0.15",87
"newGBQR","2026-05-16",-2,"2026-05-02","Pediatrics","quantile","0.2",91
"newGBQR","2026-05-16",-2,"2026-05-02","Pediatrics","quantile","0.25",91
"newGBQR","2026-05-16",-2,"2026-05-02","Pediatrics","quantile","0.3",94
"newGBQR","2026-05-16",-2,"2026-05-02","Pediatrics","quantile","0.35",96
"newGBQR","2026-05-16",-2,"2026-05-02","Pediatrics","quantile","0.4",97
"newGBQR","2026-05-16",-2,"2026-05-02","Pediatrics","quantile","0.45",98
"newGBQR","2026-05-16",-2,"2026-05-02","Pediatrics","quantile","0.5",100
"newGBQR","2026-05-16",-2,"2026-05-02","Pediatrics","quantile","0.55",103
"newGBQR","2026-05-16",-2,"2026-05-02","Pediatrics","quantile","0.6",105
"newGBQR","2026-05-16",-2,"2026-05-02","Pediatrics","quantile","0.65",107
"newGBQR","2026-05-16",-2,"2026-05-02","Pediatrics","quantile","0.7",108
"newGBQR","2026-05-16",-2,"2026-05-02","Pediatrics","quantile","0.75",110
"newGBQR","2026-05-16",-2,"2026-05-02","Pediatrics","quantile","0.8",113
"newGBQR","2026-05-16",-2,"2026-05-02","Pediatrics","quantile","0.85",116
"newGBQR","2026-05-16",-2,"2026-05-02","Pediatrics","quantile","0.9",125
"newGBQR","2026-05-16",-2,"2026-05-02","Pediatrics","quantile","0.95",141
"newGBQR","2026-05-16",-2,"2026-05-02","Pediatrics","quantile","0.975",152
"newGBQR","2026-05-16",-2,"2026-05-02","Pediatrics","quantile","0.99",167
"newGBQR","2026-05-16",-1,"2026-05-09","Pediatrics","quantile","0.01",45
"newGBQR","2026-05-16",-1,"2026-05-09","Pediatrics","quantile","0.025",55
"newGBQR","2026-05-16",-1,"2026-05-09","Pediatrics","quantile","0.05",66
"newGBQR","2026-05-16",-1,"2026-05-09","Pediatrics","quantile","0.1",80
"newGBQR","2026-05-16",-1,"2026-05-09","Pediatrics","quantile","0.15",87
"newGBQR","2026-05-16",-1,"2026-05-09","Pediatrics","quantile","0.2",93
"newGBQR","2026-05-16",-1,"2026-05-09","Pediatrics","quantile","0.25",94
"newGBQR","2026-05-16",-1,"2026-05-09","Pediatrics","quantile","0.3",97
"newGBQR","2026-05-16",-1,"2026-05-09","Pediatrics","quantile","0.35",99
"newGBQR","2026-05-16",-1,"2026-05-09","Pediatrics","quantile","0.4",100
"newGBQR","2026-05-16",-1,"2026-05-09","Pediatrics","quantile","0.45",100
"newGBQR","2026-05-16",-1,"2026-05-09","Pediatrics","quantile","0.5",104
"newGBQR","2026-05-16",-1,"2026-05-09","Pediatrics","quantile","0.55",104
"newGBQR","2026-05-16",-1,"2026-05-09","Pediatrics","quantile","0.6",107
"newGBQR","2026-05-16",-1,"2026-05-09","Pediatrics","quantile","0.65",108
"newGBQR","2026-05-16",-1,"2026-05-09","Pediatrics","quantile","0.7",109
"newGBQR","2026-05-16",-1,"2026-05-09","Pediatrics","quantile","0.75",111
"newGBQR","2026-05-16",-1,"2026-05-09","Pediatrics","quantile","0.8",114
"newGBQR","2026-05-16",-1,"2026-05-09","Pediatrics","quantile","0.85",119
"newGBQR","2026-05-16",-1,"2026-05-09","Pediatrics","quantile","0.9",126
"newGBQR","2026-05-16",-1,"2026-05-09","Pediatrics","quantile","0.95",142
"newGBQR","2026-05-16",-1,"2026-05-09","Pediatrics","quantile","0.975",152
"newGBQR","2026-05-16",-1,"2026-05-09","Pediatrics","quantile","0.99",167
"newGBQR","2026-05-16",0,"2026-05-16","Pediatrics","quantile","0.01",45
"newGBQR","2026-05-16",0,"2026-05-16","Pediatrics","quantile","0.025",55
"newGBQR","2026-05-16",0,"2026-05-16","Pediatrics","quantile","0.05",66
"newGBQR","2026-05-16",0,"2026-05-16","Pediatrics","quantile","0.1",80
"newGBQR","2026-05-16",0,"2026-05-16","Pediatrics","quantile","0.15",88
"newGBQR","2026-05-16",0,"2026-05-16","Pediatrics","quantile","0.2",94
"newGBQR","2026-05-16",0,"2026-05-16","Pediatrics","quantile","0.25",97
"newGBQR","2026-05-16",0,"2026-05-16","Pediatrics","quantile","0.3",101
"newGBQR","2026-05-16",0,"2026-05-16","Pediatrics","quantile","0.35",103
"newGBQR","2026-05-16",0,"2026-05-16","Pediatrics","quantile","0.4",107
"newGBQR","2026-05-16",0,"2026-05-16","Pediatrics","quantile","0.45",107
"newGBQR","2026-05-16",0,"2026-05-16","Pediatrics","quantile","0.5",109
"newGBQR","2026-05-16",0,"2026-05-16","Pediatrics","quantile","0.55",110
"newGBQR","2026-05-16",0,"2026-05-16","Pediatrics","quantile","0.6",115
"newGBQR","2026-05-16",0,"2026-05-16","Pediatrics","quantile","0.65",115
"newGBQR","2026-05-16",0,"2026-05-16","Pediatrics","quantile","0.7",118
"newGBQR","2026-05-16",0,"2026-05-16","Pediatrics","quantile","0.75",120
"newGBQR","2026-05-16",0,"2026-05-16","Pediatrics","quantile","0.8",124
"newGBQR","2026-05-16",0,"2026-05-16","Pediatrics","quantile","0.85",128
"newGBQR","2026-05-16",0,"2026-05-16","Pediatrics","quantile","0.9",133
"newGBQR","2026-05-16",0,"2026-05-16","Pediatrics","quantile","0.95",146
"newGBQR","2026-05-16",0,"2026-05-16","Pediatrics","quantile","0.975",153
"newGBQR","2026-05-16",0,"2026-05-16","Pediatrics","quantile","0.99",167
"newGBQR","2026-05-16",1,"2026-05-23","Pediatrics","quantile","0.01",45
"newGBQR","2026-05-16",1,"2026-05-23","Pediatrics","quantile","0.025",55
"newGBQR","2026-05-16",1,"2026-05-23","Pediatrics","quantile","0.05",67
"newGBQR","2026-05-16",1,"2026-05-23","Pediatrics","quantile","0.1",81
"newGBQR","2026-05-16",1,"2026-05-23","Pediatrics","quantile","0.15",88
"newGBQR","2026-05-16",1,"2026-05-23","Pediatrics","quantile","0.2",95
"newGBQR","2026-05-16",1,"2026-05-23","Pediatrics","quantile","0.25",98
"newGBQR","2026-05-16",1,"2026-05-23","Pediatrics","quantile","0.3",103
"newGBQR","2026-05-16",1,"2026-05-23","Pediatrics","quantile","0.35",105
"newGBQR","2026-05-16",1,"2026-05-23","Pediatrics","quantile","0.4",110
"newGBQR","2026-05-16",1,"2026-05-23","Pediatrics","quantile","0.45",111
"newGBQR","2026-05-16",1,"2026-05-23","Pediatrics","quantile","0.5",113
"newGBQR","2026-05-16",1,"2026-05-23","Pediatrics","quantile","0.55",113
"newGBQR","2026-05-16",1,"2026-05-23","Pediatrics","quantile","0.6",118
"newGBQR","2026-05-16",1,"2026-05-23","Pediatrics","quantile","0.65",119
"newGBQR","2026-05-16",1,"2026-05-23","Pediatrics","quantile","0.7",121
"newGBQR","2026-05-16",1,"2026-05-23","Pediatrics","quantile","0.75",126
"newGBQR","2026-05-16",1,"2026-05-23","Pediatrics","quantile","0.8",130
"newGBQR","2026-05-16",1,"2026-05-23","Pediatrics","quantile","0.85",137
"newGBQR","2026-05-16",1,"2026-05-23","Pediatrics","quantile","0.9",142
"newGBQR","2026-05-16",1,"2026-05-23","Pediatrics","quantile","0.95",152
"newGBQR","2026-05-16",1,"2026-05-23","Pediatrics","quantile","0.975",158
"newGBQR","2026-05-16",1,"2026-05-23","Pediatrics","quantile","0.99",171
"newGBQR","2026-05-16",2,"2026-05-30","Pediatrics","quantile","0.01",45
"newGBQR","2026-05-16",2,"2026-05-30","Pediatrics","quantile","0.025",55
"newGBQR","2026-05-16",2,"2026-05-30","Pediatrics","quantile","0.05",67
"newGBQR","2026-05-16",2,"2026-05-30","Pediatrics","quantile","0.1",81
"newGBQR","2026-05-16",2,"2026-05-30","Pediatrics","quantile","0.15",89
"newGBQR","2026-05-16",2,"2026-05-30","Pediatrics","quantile","0.2",96
"newGBQR","2026-05-16",2,"2026-05-30","Pediatrics","quantile","0.25",100
"newGBQR","2026-05-16",2,"2026-05-30","Pediatrics","quantile","0.3",104
"newGBQR","2026-05-16",2,"2026-05-30","Pediatrics","quantile","0.35",109
"newGBQR","2026-05-16",2,"2026-05-30","Pediatrics","quantile","0.4",112
"newGBQR","2026-05-16",2,"2026-05-30","Pediatrics","quantile","0.45",115
"newGBQR","2026-05-16",2,"2026-05-30","Pediatrics","quantile","0.5",116
"newGBQR","2026-05-16",2,"2026-05-30","Pediatrics","quantile","0.55",117
"newGBQR","2026-05-16",2,"2026-05-30","Pediatrics","quantile","0.6",121
"newGBQR","2026-05-16",2,"2026-05-30","Pediatrics","quantile","0.65",123
"newGBQR","2026-05-16",2,"2026-05-30","Pediatrics","quantile","0.7",123
"newGBQR","2026-05-16",2,"2026-05-30","Pediatrics","quantile","0.75",128
"newGBQR","2026-05-16",2,"2026-05-30","Pediatrics","quantile","0.8",134
"newGBQR","2026-05-16",2,"2026-05-30","Pediatrics","quantile","0.85",143
"newGBQR","2026-05-16",2,"2026-05-30","Pediatrics","quantile","0.9",150
"newGBQR","2026-05-16",2,"2026-05-30","Pediatrics","quantile","0.95",158
"newGBQR","2026-05-16",2,"2026-05-30","Pediatrics","quantile","0.975",164
"newGBQR","2026-05-16",2,"2026-05-30","Pediatrics","quantile","0.99",176
"newGBQR","2026-05-16",3,"2026-06-06","Pediatrics","quantile","0.01",45
"newGBQR","2026-05-16",3,"2026-06-06","Pediatrics","quantile","0.025",55
"newGBQR","2026-05-16",3,"2026-06-06","Pediatrics","quantile","0.05",67
"newGBQR","2026-05-16",3,"2026-06-06","Pediatrics","quantile","0.1",81
"newGBQR","2026-05-16",3,"2026-06-06","Pediatrics","quantile","0.15",89
"newGBQR","2026-05-16",3,"2026-06-06","Pediatrics","quantile","0.2",97
"newGBQR","2026-05-16",3,"2026-06-06","Pediatrics","quantile","0.25",101
"newGBQR","2026-05-16",3,"2026-06-06","Pediatrics","quantile","0.3",105
"newGBQR","2026-05-16",3,"2026-06-06","Pediatrics","quantile","0.35",109
"newGBQR","2026-05-16",3,"2026-06-06","Pediatrics","quantile","0.4",113
"newGBQR","2026-05-16",3,"2026-06-06","Pediatrics","quantile","0.45",115
"newGBQR","2026-05-16",3,"2026-06-06","Pediatrics","quantile","0.5",116
"newGBQR","2026-05-16",3,"2026-06-06","Pediatrics","quantile","0.55",118
"newGBQR","2026-05-16",3,"2026-06-06","Pediatrics","quantile","0.6",122
"newGBQR","2026-05-16",3,"2026-06-06","Pediatrics","quantile","0.65",123
"newGBQR","2026-05-16",3,"2026-06-06","Pediatrics","quantile","0.7",124
"newGBQR","2026-05-16",3,"2026-06-06","Pediatrics","quantile","0.75",128
"newGBQR","2026-05-16",3,"2026-06-06","Pediatrics","quantile","0.8",135
"newGBQR","2026-05-16",3,"2026-06-06","Pediatrics","quantile","0.85",144
"newGBQR","2026-05-16",3,"2026-06-06","Pediatrics","quantile","0.9",154
"newGBQR","2026-05-16",3,"2026-06-06","Pediatrics","quantile","0.95",161
"newGBQR","2026-05-16",3,"2026-06-06","Pediatrics","quantile","0.975",166
"newGBQR","2026-05-16",3,"2026-06-06","Pediatrics","quantile","0.99",178
"Ensemble","2026-05-16",-2,"2026-05-02","Adults","quantile","0.01",81
"Ensemble","2026-05-16",-2,"2026-05-02","Adults","quantile","0.025",86
"Ensemble","2026-05-16",-2,"2026-05-02","Adults","quantile","0.05",91
"Ensemble","2026-05-16",-2,"2026-05-02","Adults","quantile","0.1",98
"Ensemble","2026-05-16",-2,"2026-05-02","Adults","quantile","0.15",102
"Ensemble","2026-05-16",-2,"2026-05-02","Adults","quantile","0.2",106
"Ensemble","2026-05-16",-2,"2026-05-02","Adults","quantile","0.25",110
"Ensemble","2026-05-16",-2,"2026-05-02","Adults","quantile","0.3",112
"Ensemble","2026-05-16",-2,"2026-05-02","Adults","quantile","0.35",114
"Ensemble","2026-05-16",-2,"2026-05-02","Adults","quantile","0.4",116
"Ensemble","2026-05-16",-2,"2026-05-02","Adults","quantile","0.45",120
"Ensemble","2026-05-16",-2,"2026-05-02","Adults","quantile","0.5",122
"Ensemble","2026-05-16",-2,"2026-05-02","Adults","quantile","0.55",125
"Ensemble","2026-05-16",-2,"2026-05-02","Adults","quantile","0.6",128
"Ensemble","2026-05-16",-2,"2026-05-02","Adults","quantile","0.65",132
"Ensemble","2026-05-16",-2,"2026-05-02","Adults","quantile","0.7",134
"Ensemble","2026-05-16",-2,"2026-05-02","Adults","quantile","0.75",136
"Ensemble","2026-05-16",-2,"2026-05-02","Adults","quantile","0.8",140
"Ensemble","2026-05-16",-2,"2026-05-02","Adults","quantile","0.85",144
"Ensemble","2026-05-16",-2,"2026-05-02","Adults","quantile","0.9",152
"Ensemble","2026-05-16",-2,"2026-05-02","Adults","quantile","0.95",164
"Ensemble","2026-05-16",-2,"2026-05-02","Adults","quantile","0.975",178
"Ensemble","2026-05-16",-2,"2026-05-02","Adults","quantile","0.99",192
"Ensemble","2026-05-16",-2,"2026-05-02","Overall","quantile","0.01",152
"Ensemble","2026-05-16",-2,"2026-05-02","Overall","quantile","0.025",160
"Ensemble","2026-05-16",-2,"2026-05-02","Overall","quantile","0.05",165
"Ensemble","2026-05-16",-2,"2026-05-02","Overall","quantile","0.1",178
"Ensemble","2026-05-16",-2,"2026-05-02","Overall","quantile","0.15",187
"Ensemble","2026-05-16",-2,"2026-05-02","Overall","quantile","0.2",194
"Ensemble","2026-05-16",-2,"2026-05-02","Overall","quantile","0.25",196
"Ensemble","2026-05-16",-2,"2026-05-02","Overall","quantile","0.3",201
"Ensemble","2026-05-16",-2,"2026-05-02","Overall","quantile","0.35",204
"Ensemble","2026-05-16",-2,"2026-05-02","Overall","quantile","0.4",208
"Ensemble","2026-05-16",-2,"2026-05-02","Overall","quantile","0.45",212
"Ensemble","2026-05-16",-2,"2026-05-02","Overall","quantile","0.5",215
"Ensemble","2026-05-16",-2,"2026-05-02","Overall","quantile","0.55",220
"Ensemble","2026-05-16",-2,"2026-05-02","Overall","quantile","0.6",224
"Ensemble","2026-05-16",-2,"2026-05-02","Overall","quantile","0.65",228
"Ensemble","2026-05-16",-2,"2026-05-02","Overall","quantile","0.7",232
"Ensemble","2026-05-16",-2,"2026-05-02","Overall","quantile","0.75",236
"Ensemble","2026-05-16",-2,"2026-05-02","Overall","quantile","0.8",242
"Ensemble","2026-05-16",-2,"2026-05-02","Overall","quantile","0.85",252
"Ensemble","2026-05-16",-2,"2026-05-02","Overall","quantile","0.9",264
"Ensemble","2026-05-16",-2,"2026-05-02","Overall","quantile","0.95",280
"Ensemble","2026-05-16",-2,"2026-05-02","Overall","quantile","0.975",297
"Ensemble","2026-05-16",-2,"2026-05-02","Overall","quantile","0.99",317
"Ensemble","2026-05-16",-2,"2026-05-02","Pediatrics","quantile","0.01",56
"Ensemble","2026-05-16",-2,"2026-05-02","Pediatrics","quantile","0.025",62
"Ensemble","2026-05-16",-2,"2026-05-02","Pediatrics","quantile","0.05",68
"Ensemble","2026-05-16",-2,"2026-05-02","Pediatrics","quantile","0.1",76
"Ensemble","2026-05-16",-2,"2026-05-02","Pediatrics","quantile","0.15",80
"Ensemble","2026-05-16",-2,"2026-05-02","Pediatrics","quantile","0.2",82
"Ensemble","2026-05-16",-2,"2026-05-02","Pediatrics","quantile","0.25",86
"Ensemble","2026-05-16",-2,"2026-05-02","Pediatrics","quantile","0.3",88
"Ensemble","2026-05-16",-2,"2026-05-02","Pediatrics","quantile","0.35",90
"Ensemble","2026-05-16",-2,"2026-05-02","Pediatrics","quantile","0.4",92
"Ensemble","2026-05-16",-2,"2026-05-02","Pediatrics","quantile","0.45",95
"Ensemble","2026-05-16",-2,"2026-05-02","Pediatrics","quantile","0.5",98
"Ensemble","2026-05-16",-2,"2026-05-02","Pediatrics","quantile","0.55",100
"Ensemble","2026-05-16",-2,"2026-05-02","Pediatrics","quantile","0.6",103
"Ensemble","2026-05-16",-2,"2026-05-02","Pediatrics","quantile","0.65",106
"Ensemble","2026-05-16",-2,"2026-05-02","Pediatrics","quantile","0.7",108
"Ensemble","2026-05-16",-2,"2026-05-02","Pediatrics","quantile","0.75",111
"Ensemble","2026-05-16",-2,"2026-05-02","Pediatrics","quantile","0.8",114
"Ensemble","2026-05-16",-2,"2026-05-02","Pediatrics","quantile","0.85",119
"Ensemble","2026-05-16",-2,"2026-05-02","Pediatrics","quantile","0.9",126
"Ensemble","2026-05-16",-2,"2026-05-02","Pediatrics","quantile","0.95",139
"Ensemble","2026-05-16",-2,"2026-05-02","Pediatrics","quantile","0.975",148
"Ensemble","2026-05-16",-2,"2026-05-02","Pediatrics","quantile","0.99",161
"Ensemble","2026-05-16",-1,"2026-05-09","Adults","quantile","0.01",79
"Ensemble","2026-05-16",-1,"2026-05-09","Adults","quantile","0.025",86
"Ensemble","2026-05-16",-1,"2026-05-09","Adults","quantile","0.05",92
"Ensemble","2026-05-16",-1,"2026-05-09","Adults","quantile","0.1",102
"Ensemble","2026-05-16",-1,"2026-05-09","Adults","quantile","0.15",108
"Ensemble","2026-05-16",-1,"2026-05-09","Adults","quantile","0.2",112
"Ensemble","2026-05-16",-1,"2026-05-09","Adults","quantile","0.25",116
"Ensemble","2026-05-16",-1,"2026-05-09","Adults","quantile","0.3",118
"Ensemble","2026-05-16",-1,"2026-05-09","Adults","quantile","0.35",120
"Ensemble","2026-05-16",-1,"2026-05-09","Adults","quantile","0.4",122
"Ensemble","2026-05-16",-1,"2026-05-09","Adults","quantile","0.45",126
"Ensemble","2026-05-16",-1,"2026-05-09","Adults","quantile","0.5",129
"Ensemble","2026-05-16",-1,"2026-05-09","Adults","quantile","0.55",132
"Ensemble","2026-05-16",-1,"2026-05-09","Adults","quantile","0.6",136
"Ensemble","2026-05-16",-1,"2026-05-09","Adults","quantile","0.65",139
"Ensemble","2026-05-16",-1,"2026-05-09","Adults","quantile","0.7",143
"Ensemble","2026-05-16",-1,"2026-05-09","Adults","quantile","0.75",148
"Ensemble","2026-05-16",-1,"2026-05-09","Adults","quantile","0.8",155
"Ensemble","2026-05-16",-1,"2026-05-09","Adults","quantile","0.85",162
"Ensemble","2026-05-16",-1,"2026-05-09","Adults","quantile","0.9",172
"Ensemble","2026-05-16",-1,"2026-05-09","Adults","quantile","0.95",188
"Ensemble","2026-05-16",-1,"2026-05-09","Adults","quantile","0.975",206
"Ensemble","2026-05-16",-1,"2026-05-09","Adults","quantile","0.99",226
"Ensemble","2026-05-16",-1,"2026-05-09","Overall","quantile","0.01",144
"Ensemble","2026-05-16",-1,"2026-05-09","Overall","quantile","0.025",154
"Ensemble","2026-05-16",-1,"2026-05-09","Overall","quantile","0.05",165
"Ensemble","2026-05-16",-1,"2026-05-09","Overall","quantile","0.1",180
"Ensemble","2026-05-16",-1,"2026-05-09","Overall","quantile","0.15",190
"Ensemble","2026-05-16",-1,"2026-05-09","Overall","quantile","0.2",199
"Ensemble","2026-05-16",-1,"2026-05-09","Overall","quantile","0.25",204
"Ensemble","2026-05-16",-1,"2026-05-09","Overall","quantile","0.3",209
"Ensemble","2026-05-16",-1,"2026-05-09","Overall","quantile","0.35",213
"Ensemble","2026-05-16",-1,"2026-05-09","Overall","quantile","0.4",218
"Ensemble","2026-05-16",-1,"2026-05-09","Overall","quantile","0.45",222
"Ensemble","2026-05-16",-1,"2026-05-09","Overall","quantile","0.5",225
"Ensemble","2026-05-16",-1,"2026-05-09","Overall","quantile","0.55",231
"Ensemble","2026-05-16",-1,"2026-05-09","Overall","quantile","0.6",236
"Ensemble","2026-05-16",-1,"2026-05-09","Overall","quantile","0.65",243
"Ensemble","2026-05-16",-1,"2026-05-09","Overall","quantile","0.7",250
"Ensemble","2026-05-16",-1,"2026-05-09","Overall","quantile","0.75",258
"Ensemble","2026-05-16",-1,"2026-05-09","Overall","quantile","0.8",268
"Ensemble","2026-05-16",-1,"2026-05-09","Overall","quantile","0.85",280
"Ensemble","2026-05-16",-1,"2026-05-09","Overall","quantile","0.9",296
"Ensemble","2026-05-16",-1,"2026-05-09","Overall","quantile","0.95",322
"Ensemble","2026-05-16",-1,"2026-05-09","Overall","quantile","0.975",346
"Ensemble","2026-05-16",-1,"2026-05-09","Overall","quantile","0.99",381
"Ensemble","2026-05-16",-1,"2026-05-09","Pediatrics","quantile","0.01",55
"Ensemble","2026-05-16",-1,"2026-05-09","Pediatrics","quantile","0.025",60
"Ensemble","2026-05-16",-1,"2026-05-09","Pediatrics","quantile","0.05",66
"Ensemble","2026-05-16",-1,"2026-05-09","Pediatrics","quantile","0.1",76
"Ensemble","2026-05-16",-1,"2026-05-09","Pediatrics","quantile","0.15",82
"Ensemble","2026-05-16",-1,"2026-05-09","Pediatrics","quantile","0.2",88
"Ensemble","2026-05-16",-1,"2026-05-09","Pediatrics","quantile","0.25",90
"Ensemble","2026-05-16",-1,"2026-05-09","Pediatrics","quantile","0.3",93
"Ensemble","2026-05-16",-1,"2026-05-09","Pediatrics","quantile","0.35",96
"Ensemble","2026-05-16",-1,"2026-05-09","Pediatrics","quantile","0.4",98
"Ensemble","2026-05-16",-1,"2026-05-09","Pediatrics","quantile","0.45",100
"Ensemble","2026-05-16",-1,"2026-05-09","Pediatrics","quantile","0.5",103
"Ensemble","2026-05-16",-1,"2026-05-09","Pediatrics","quantile","0.55",105
"Ensemble","2026-05-16",-1,"2026-05-09","Pediatrics","quantile","0.6",108
"Ensemble","2026-05-16",-1,"2026-05-09","Pediatrics","quantile","0.65",112
"Ensemble","2026-05-16",-1,"2026-05-09","Pediatrics","quantile","0.7",116
"Ensemble","2026-05-16",-1,"2026-05-09","Pediatrics","quantile","0.75",120
"Ensemble","2026-05-16",-1,"2026-05-09","Pediatrics","quantile","0.8",124
"Ensemble","2026-05-16",-1,"2026-05-09","Pediatrics","quantile","0.85",132
"Ensemble","2026-05-16",-1,"2026-05-09","Pediatrics","quantile","0.9",141
"Ensemble","2026-05-16",-1,"2026-05-09","Pediatrics","quantile","0.95",154
"Ensemble","2026-05-16",-1,"2026-05-09","Pediatrics","quantile","0.975",169
"Ensemble","2026-05-16",-1,"2026-05-09","Pediatrics","quantile","0.99",186
"Ensemble","2026-05-16",0,"2026-05-16","Adults","quantile","0.01",77
"Ensemble","2026-05-16",0,"2026-05-16","Adults","quantile","0.025",84
"Ensemble","2026-05-16",0,"2026-05-16","Adults","quantile","0.05",92
"Ensemble","2026-05-16",0,"2026-05-16","Adults","quantile","0.1",104
"Ensemble","2026-05-16",0,"2026-05-16","Adults","quantile","0.15",110
"Ensemble","2026-05-16",0,"2026-05-16","Adults","quantile","0.2",115
"Ensemble","2026-05-16",0,"2026-05-16","Adults","quantile","0.25",120
"Ensemble","2026-05-16",0,"2026-05-16","Adults","quantile","0.3",122
"Ensemble","2026-05-16",0,"2026-05-16","Adults","quantile","0.35",126
"Ensemble","2026-05-16",0,"2026-05-16","Adults","quantile","0.4",128
"Ensemble","2026-05-16",0,"2026-05-16","Adults","quantile","0.45",133
"Ensemble","2026-05-16",0,"2026-05-16","Adults","quantile","0.5",138
"Ensemble","2026-05-16",0,"2026-05-16","Adults","quantile","0.55",141
"Ensemble","2026-05-16",0,"2026-05-16","Adults","quantile","0.6",146
"Ensemble","2026-05-16",0,"2026-05-16","Adults","quantile","0.65",151
"Ensemble","2026-05-16",0,"2026-05-16","Adults","quantile","0.7",156
"Ensemble","2026-05-16",0,"2026-05-16","Adults","quantile","0.75",163
"Ensemble","2026-05-16",0,"2026-05-16","Adults","quantile","0.8",172
"Ensemble","2026-05-16",0,"2026-05-16","Adults","quantile","0.85",181
"Ensemble","2026-05-16",0,"2026-05-16","Adults","quantile","0.9",196
"Ensemble","2026-05-16",0,"2026-05-16","Adults","quantile","0.95",216
"Ensemble","2026-05-16",0,"2026-05-16","Adults","quantile","0.975",239
"Ensemble","2026-05-16",0,"2026-05-16","Adults","quantile","0.99",262
"Ensemble","2026-05-16",0,"2026-05-16","Overall","quantile","0.01",140
"Ensemble","2026-05-16",0,"2026-05-16","Overall","quantile","0.025",152
"Ensemble","2026-05-16",0,"2026-05-16","Overall","quantile","0.05",165
"Ensemble","2026-05-16",0,"2026-05-16","Overall","quantile","0.1",182
"Ensemble","2026-05-16",0,"2026-05-16","Overall","quantile","0.15",194
"Ensemble","2026-05-16",0,"2026-05-16","Overall","quantile","0.2",203
"Ensemble","2026-05-16",0,"2026-05-16","Overall","quantile","0.25",210
"Ensemble","2026-05-16",0,"2026-05-16","Overall","quantile","0.3",217
"Ensemble","2026-05-16",0,"2026-05-16","Overall","quantile","0.35",222
"Ensemble","2026-05-16",0,"2026-05-16","Overall","quantile","0.4",230
"Ensemble","2026-05-16",0,"2026-05-16","Overall","quantile","0.45",236
"Ensemble","2026-05-16",0,"2026-05-16","Overall","quantile","0.5",239
"Ensemble","2026-05-16",0,"2026-05-16","Overall","quantile","0.55",246
"Ensemble","2026-05-16",0,"2026-05-16","Overall","quantile","0.6",254
"Ensemble","2026-05-16",0,"2026-05-16","Overall","quantile","0.65",261
"Ensemble","2026-05-16",0,"2026-05-16","Overall","quantile","0.7",270
"Ensemble","2026-05-16",0,"2026-05-16","Overall","quantile","0.75",280
"Ensemble","2026-05-16",0,"2026-05-16","Overall","quantile","0.8",294
"Ensemble","2026-05-16",0,"2026-05-16","Overall","quantile","0.85",308
"Ensemble","2026-05-16",0,"2026-05-16","Overall","quantile","0.9",328
"Ensemble","2026-05-16",0,"2026-05-16","Overall","quantile","0.95",363
"Ensemble","2026-05-16",0,"2026-05-16","Overall","quantile","0.975",390
"Ensemble","2026-05-16",0,"2026-05-16","Overall","quantile","0.99",425
"Ensemble","2026-05-16",0,"2026-05-16","Pediatrics","quantile","0.01",54
"Ensemble","2026-05-16",0,"2026-05-16","Pediatrics","quantile","0.025",59
"Ensemble","2026-05-16",0,"2026-05-16","Pediatrics","quantile","0.05",66
"Ensemble","2026-05-16",0,"2026-05-16","Pediatrics","quantile","0.1",77
"Ensemble","2026-05-16",0,"2026-05-16","Pediatrics","quantile","0.15",84
"Ensemble","2026-05-16",0,"2026-05-16","Pediatrics","quantile","0.2",90
"Ensemble","2026-05-16",0,"2026-05-16","Pediatrics","quantile","0.25",94
"Ensemble","2026-05-16",0,"2026-05-16","Pediatrics","quantile","0.3",98
"Ensemble","2026-05-16",0,"2026-05-16","Pediatrics","quantile","0.35",100
"Ensemble","2026-05-16",0,"2026-05-16","Pediatrics","quantile","0.4",104
"Ensemble","2026-05-16",0,"2026-05-16","Pediatrics","quantile","0.45",106
"Ensemble","2026-05-16",0,"2026-05-16","Pediatrics","quantile","0.5",109
"Ensemble","2026-05-16",0,"2026-05-16","Pediatrics","quantile","0.55",113
"Ensemble","2026-05-16",0,"2026-05-16","Pediatrics","quantile","0.6",117
"Ensemble","2026-05-16",0,"2026-05-16","Pediatrics","quantile","0.65",122
"Ensemble","2026-05-16",0,"2026-05-16","Pediatrics","quantile","0.7",126
"Ensemble","2026-05-16",0,"2026-05-16","Pediatrics","quantile","0.75",131
"Ensemble","2026-05-16",0,"2026-05-16","Pediatrics","quantile","0.8",138
"Ensemble","2026-05-16",0,"2026-05-16","Pediatrics","quantile","0.85",146
"Ensemble","2026-05-16",0,"2026-05-16","Pediatrics","quantile","0.9",156
"Ensemble","2026-05-16",0,"2026-05-16","Pediatrics","quantile","0.95",172
"Ensemble","2026-05-16",0,"2026-05-16","Pediatrics","quantile","0.975",192
"Ensemble","2026-05-16",0,"2026-05-16","Pediatrics","quantile","0.99",212
"Ensemble","2026-05-16",1,"2026-05-23","Adults","quantile","0.01",75
"Ensemble","2026-05-16",1,"2026-05-23","Adults","quantile","0.025",82
"Ensemble","2026-05-16",1,"2026-05-23","Adults","quantile","0.05",94
"Ensemble","2026-05-16",1,"2026-05-23","Adults","quantile","0.1",106
"Ensemble","2026-05-16",1,"2026-05-23","Adults","quantile","0.15",114
"Ensemble","2026-05-16",1,"2026-05-23","Adults","quantile","0.2",120
"Ensemble","2026-05-16",1,"2026-05-23","Adults","quantile","0.25",124
"Ensemble","2026-05-16",1,"2026-05-23","Adults","quantile","0.3",128
"Ensemble","2026-05-16",1,"2026-05-23","Adults","quantile","0.35",131
"Ensemble","2026-05-16",1,"2026-05-23","Adults","quantile","0.4",136
"Ensemble","2026-05-16",1,"2026-05-23","Adults","quantile","0.45",141
"Ensemble","2026-05-16",1,"2026-05-23","Adults","quantile","0.5",146
"Ensemble","2026-05-16",1,"2026-05-23","Adults","quantile","0.55",151
"Ensemble","2026-05-16",1,"2026-05-23","Adults","quantile","0.6",157
"Ensemble","2026-05-16",1,"2026-05-23","Adults","quantile","0.65",163
"Ensemble","2026-05-16",1,"2026-05-23","Adults","quantile","0.7",170
"Ensemble","2026-05-16",1,"2026-05-23","Adults","quantile","0.75",177
"Ensemble","2026-05-16",1,"2026-05-23","Adults","quantile","0.8",187
"Ensemble","2026-05-16",1,"2026-05-23","Adults","quantile","0.85",198
"Ensemble","2026-05-16",1,"2026-05-23","Adults","quantile","0.9",214
"Ensemble","2026-05-16",1,"2026-05-23","Adults","quantile","0.95",241
"Ensemble","2026-05-16",1,"2026-05-23","Adults","quantile","0.975",266
"Ensemble","2026-05-16",1,"2026-05-23","Adults","quantile","0.99",296
"Ensemble","2026-05-16",1,"2026-05-23","Overall","quantile","0.01",141
"Ensemble","2026-05-16",1,"2026-05-23","Overall","quantile","0.025",148
"Ensemble","2026-05-16",1,"2026-05-23","Overall","quantile","0.05",166
"Ensemble","2026-05-16",1,"2026-05-23","Overall","quantile","0.1",186
"Ensemble","2026-05-16",1,"2026-05-23","Overall","quantile","0.15",198
"Ensemble","2026-05-16",1,"2026-05-23","Overall","quantile","0.2",208
"Ensemble","2026-05-16",1,"2026-05-23","Overall","quantile","0.25",217
"Ensemble","2026-05-16",1,"2026-05-23","Overall","quantile","0.3",224
"Ensemble","2026-05-16",1,"2026-05-23","Overall","quantile","0.35",232
"Ensemble","2026-05-16",1,"2026-05-23","Overall","quantile","0.4",238
"Ensemble","2026-05-16",1,"2026-05-23","Overall","quantile","0.45",246
"Ensemble","2026-05-16",1,"2026-05-23","Overall","quantile","0.5",253
"Ensemble","2026-05-16",1,"2026-05-23","Overall","quantile","0.55",261
"Ensemble","2026-05-16",1,"2026-05-23","Overall","quantile","0.6",268
"Ensemble","2026-05-16",1,"2026-05-23","Overall","quantile","0.65",277
"Ensemble","2026-05-16",1,"2026-05-23","Overall","quantile","0.7",288
"Ensemble","2026-05-16",1,"2026-05-23","Overall","quantile","0.75",303
"Ensemble","2026-05-16",1,"2026-05-23","Overall","quantile","0.8",316
"Ensemble","2026-05-16",1,"2026-05-23","Overall","quantile","0.85",334
"Ensemble","2026-05-16",1,"2026-05-23","Overall","quantile","0.9",358
"Ensemble","2026-05-16",1,"2026-05-23","Overall","quantile","0.95",400
"Ensemble","2026-05-16",1,"2026-05-23","Overall","quantile","0.975",430
"Ensemble","2026-05-16",1,"2026-05-23","Overall","quantile","0.99",471
"Ensemble","2026-05-16",1,"2026-05-23","Pediatrics","quantile","0.01",52
"Ensemble","2026-05-16",1,"2026-05-23","Pediatrics","quantile","0.025",58
"Ensemble","2026-05-16",1,"2026-05-23","Pediatrics","quantile","0.05",67
"Ensemble","2026-05-16",1,"2026-05-23","Pediatrics","quantile","0.1",80
"Ensemble","2026-05-16",1,"2026-05-23","Pediatrics","quantile","0.15",86
"Ensemble","2026-05-16",1,"2026-05-23","Pediatrics","quantile","0.2",93
"Ensemble","2026-05-16",1,"2026-05-23","Pediatrics","quantile","0.25",97
"Ensemble","2026-05-16",1,"2026-05-23","Pediatrics","quantile","0.3",102
"Ensemble","2026-05-16",1,"2026-05-23","Pediatrics","quantile","0.35",105
"Ensemble","2026-05-16",1,"2026-05-23","Pediatrics","quantile","0.4",110
"Ensemble","2026-05-16",1,"2026-05-23","Pediatrics","quantile","0.45",112
"Ensemble","2026-05-16",1,"2026-05-23","Pediatrics","quantile","0.5",116
"Ensemble","2026-05-16",1,"2026-05-23","Pediatrics","quantile","0.55",122
"Ensemble","2026-05-16",1,"2026-05-23","Pediatrics","quantile","0.6",126
"Ensemble","2026-05-16",1,"2026-05-23","Pediatrics","quantile","0.65",132
"Ensemble","2026-05-16",1,"2026-05-23","Pediatrics","quantile","0.7",137
"Ensemble","2026-05-16",1,"2026-05-23","Pediatrics","quantile","0.75",144
"Ensemble","2026-05-16",1,"2026-05-23","Pediatrics","quantile","0.8",151
"Ensemble","2026-05-16",1,"2026-05-23","Pediatrics","quantile","0.85",160
"Ensemble","2026-05-16",1,"2026-05-23","Pediatrics","quantile","0.9",174
"Ensemble","2026-05-16",1,"2026-05-23","Pediatrics","quantile","0.95",199
"Ensemble","2026-05-16",1,"2026-05-23","Pediatrics","quantile","0.975",220
"Ensemble","2026-05-16",1,"2026-05-23","Pediatrics","quantile","0.99",252
"Ensemble","2026-05-16",2,"2026-05-30","Adults","quantile","0.01",74
"Ensemble","2026-05-16",2,"2026-05-30","Adults","quantile","0.025",82
"Ensemble","2026-05-16",2,"2026-05-30","Adults","quantile","0.05",94
"Ensemble","2026-05-16",2,"2026-05-30","Adults","quantile","0.1",107
"Ensemble","2026-05-16",2,"2026-05-30","Adults","quantile","0.15",114
"Ensemble","2026-05-16",2,"2026-05-30","Adults","quantile","0.2",122
"Ensemble","2026-05-16",2,"2026-05-30","Adults","quantile","0.25",126
"Ensemble","2026-05-16",2,"2026-05-30","Adults","quantile","0.3",130
"Ensemble","2026-05-16",2,"2026-05-30","Adults","quantile","0.35",136
"Ensemble","2026-05-16",2,"2026-05-30","Adults","quantile","0.4",140
"Ensemble","2026-05-16",2,"2026-05-30","Adults","quantile","0.45",146
"Ensemble","2026-05-16",2,"2026-05-30","Adults","quantile","0.5",152
"Ensemble","2026-05-16",2,"2026-05-30","Adults","quantile","0.55",158
"Ensemble","2026-05-16",2,"2026-05-30","Adults","quantile","0.6",164
"Ensemble","2026-05-16",2,"2026-05-30","Adults","quantile","0.65",171
"Ensemble","2026-05-16",2,"2026-05-30","Adults","quantile","0.7",180
"Ensemble","2026-05-16",2,"2026-05-30","Adults","quantile","0.75",188
"Ensemble","2026-05-16",2,"2026-05-30","Adults","quantile","0.8",199
"Ensemble","2026-05-16",2,"2026-05-30","Adults","quantile","0.85",212
"Ensemble","2026-05-16",2,"2026-05-30","Adults","quantile","0.9",234
"Ensemble","2026-05-16",2,"2026-05-30","Adults","quantile","0.95",262
"Ensemble","2026-05-16",2,"2026-05-30","Adults","quantile","0.975",285
"Ensemble","2026-05-16",2,"2026-05-30","Adults","quantile","0.99",316
"Ensemble","2026-05-16",2,"2026-05-30","Overall","quantile","0.01",137
"Ensemble","2026-05-16",2,"2026-05-30","Overall","quantile","0.025",148
"Ensemble","2026-05-16",2,"2026-05-30","Overall","quantile","0.05",168
"Ensemble","2026-05-16",2,"2026-05-30","Overall","quantile","0.1",188
"Ensemble","2026-05-16",2,"2026-05-30","Overall","quantile","0.15",200
"Ensemble","2026-05-16",2,"2026-05-30","Overall","quantile","0.2",212
"Ensemble","2026-05-16",2,"2026-05-30","Overall","quantile","0.25",222
"Ensemble","2026-05-16",2,"2026-05-30","Overall","quantile","0.3",230
"Ensemble","2026-05-16",2,"2026-05-30","Overall","quantile","0.35",238
"Ensemble","2026-05-16",2,"2026-05-30","Overall","quantile","0.4",246
"Ensemble","2026-05-16",2,"2026-05-30","Overall","quantile","0.45",254
"Ensemble","2026-05-16",2,"2026-05-30","Overall","quantile","0.5",263
"Ensemble","2026-05-16",2,"2026-05-30","Overall","quantile","0.55",272
"Ensemble","2026-05-16",2,"2026-05-30","Overall","quantile","0.6",283
"Ensemble","2026-05-16",2,"2026-05-30","Overall","quantile","0.65",294
"Ensemble","2026-05-16",2,"2026-05-30","Overall","quantile","0.7",306
"Ensemble","2026-05-16",2,"2026-05-30","Overall","quantile","0.75",318
"Ensemble","2026-05-16",2,"2026-05-30","Overall","quantile","0.8",334
"Ensemble","2026-05-16",2,"2026-05-30","Overall","quantile","0.85",356
"Ensemble","2026-05-16",2,"2026-05-30","Overall","quantile","0.9",386
"Ensemble","2026-05-16",2,"2026-05-30","Overall","quantile","0.95",426
"Ensemble","2026-05-16",2,"2026-05-30","Overall","quantile","0.975",458
"Ensemble","2026-05-16",2,"2026-05-30","Overall","quantile","0.99",500
"Ensemble","2026-05-16",2,"2026-05-30","Pediatrics","quantile","0.01",49
"Ensemble","2026-05-16",2,"2026-05-30","Pediatrics","quantile","0.025",58
"Ensemble","2026-05-16",2,"2026-05-30","Pediatrics","quantile","0.05",68
"Ensemble","2026-05-16",2,"2026-05-30","Pediatrics","quantile","0.1",81
"Ensemble","2026-05-16",2,"2026-05-30","Pediatrics","quantile","0.15",90
"Ensemble","2026-05-16",2,"2026-05-30","Pediatrics","quantile","0.2",96
"Ensemble","2026-05-16",2,"2026-05-30","Pediatrics","quantile","0.25",101
"Ensemble","2026-05-16",2,"2026-05-30","Pediatrics","quantile","0.3",106
"Ensemble","2026-05-16",2,"2026-05-30","Pediatrics","quantile","0.35",111
"Ensemble","2026-05-16",2,"2026-05-30","Pediatrics","quantile","0.4",115
"Ensemble","2026-05-16",2,"2026-05-30","Pediatrics","quantile","0.45",118
"Ensemble","2026-05-16",2,"2026-05-30","Pediatrics","quantile","0.5",122
"Ensemble","2026-05-16",2,"2026-05-30","Pediatrics","quantile","0.55",128
"Ensemble","2026-05-16",2,"2026-05-30","Pediatrics","quantile","0.6",134
"Ensemble","2026-05-16",2,"2026-05-30","Pediatrics","quantile","0.65",140
"Ensemble","2026-05-16",2,"2026-05-30","Pediatrics","quantile","0.7",146
"Ensemble","2026-05-16",2,"2026-05-30","Pediatrics","quantile","0.75",153
"Ensemble","2026-05-16",2,"2026-05-30","Pediatrics","quantile","0.8",163
"Ensemble","2026-05-16",2,"2026-05-30","Pediatrics","quantile","0.85",176
"Ensemble","2026-05-16",2,"2026-05-30","Pediatrics","quantile","0.9",192
"Ensemble","2026-05-16",2,"2026-05-30","Pediatrics","quantile","0.95",218
"Ensemble","2026-05-16",2,"2026-05-30","Pediatrics","quantile","0.975",236
"Ensemble","2026-05-16",2,"2026-05-30","Pediatrics","quantile","0.99",264
"Ensemble","2026-05-16",3,"2026-06-06","Adults","quantile","0.01",72
"Ensemble","2026-05-16",3,"2026-06-06","Adults","quantile","0.025",82
"Ensemble","2026-05-16",3,"2026-06-06","Adults","quantile","0.05",94
"Ensemble","2026-05-16",3,"2026-06-06","Adults","quantile","0.1",108
"Ensemble","2026-05-16",3,"2026-06-06","Adults","quantile","0.15",116
"Ensemble","2026-05-16",3,"2026-06-06","Adults","quantile","0.2",123
"Ensemble","2026-05-16",3,"2026-06-06","Adults","quantile","0.25",128
"Ensemble","2026-05-16",3,"2026-06-06","Adults","quantile","0.3",133
"Ensemble","2026-05-16",3,"2026-06-06","Adults","quantile","0.35",137
"Ensemble","2026-05-16",3,"2026-06-06","Adults","quantile","0.4",143
"Ensemble","2026-05-16",3,"2026-06-06","Adults","quantile","0.45",150
"Ensemble","2026-05-16",3,"2026-06-06","Adults","quantile","0.5",156
"Ensemble","2026-05-16",3,"2026-06-06","Adults","quantile","0.55",162
"Ensemble","2026-05-16",3,"2026-06-06","Adults","quantile","0.6",170
"Ensemble","2026-05-16",3,"2026-06-06","Adults","quantile","0.65",178
"Ensemble","2026-05-16",3,"2026-06-06","Adults","quantile","0.7",186
"Ensemble","2026-05-16",3,"2026-06-06","Adults","quantile","0.75",196
"Ensemble","2026-05-16",3,"2026-06-06","Adults","quantile","0.8",209
"Ensemble","2026-05-16",3,"2026-06-06","Adults","quantile","0.85",230
"Ensemble","2026-05-16",3,"2026-06-06","Adults","quantile","0.9",250
"Ensemble","2026-05-16",3,"2026-06-06","Adults","quantile","0.95",276
"Ensemble","2026-05-16",3,"2026-06-06","Adults","quantile","0.975",301
"Ensemble","2026-05-16",3,"2026-06-06","Adults","quantile","0.99",334
"Ensemble","2026-05-16",3,"2026-06-06","Overall","quantile","0.01",137
"Ensemble","2026-05-16",3,"2026-06-06","Overall","quantile","0.025",148
"Ensemble","2026-05-16",3,"2026-06-06","Overall","quantile","0.05",169
"Ensemble","2026-05-16",3,"2026-06-06","Overall","quantile","0.1",190
"Ensemble","2026-05-16",3,"2026-06-06","Overall","quantile","0.15",204
"Ensemble","2026-05-16",3,"2026-06-06","Overall","quantile","0.2",216
"Ensemble","2026-05-16",3,"2026-06-06","Overall","quantile","0.25",226
"Ensemble","2026-05-16",3,"2026-06-06","Overall","quantile","0.3",236
"Ensemble","2026-05-16",3,"2026-06-06","Overall","quantile","0.35",244
"Ensemble","2026-05-16",3,"2026-06-06","Overall","quantile","0.4",252
"Ensemble","2026-05-16",3,"2026-06-06","Overall","quantile","0.45",260
"Ensemble","2026-05-16",3,"2026-06-06","Overall","quantile","0.5",271
"Ensemble","2026-05-16",3,"2026-06-06","Overall","quantile","0.55",280
"Ensemble","2026-05-16",3,"2026-06-06","Overall","quantile","0.6",292
"Ensemble","2026-05-16",3,"2026-06-06","Overall","quantile","0.65",303
"Ensemble","2026-05-16",3,"2026-06-06","Overall","quantile","0.7",317
"Ensemble","2026-05-16",3,"2026-06-06","Overall","quantile","0.75",332
"Ensemble","2026-05-16",3,"2026-06-06","Overall","quantile","0.8",352
"Ensemble","2026-05-16",3,"2026-06-06","Overall","quantile","0.85",373
"Ensemble","2026-05-16",3,"2026-06-06","Overall","quantile","0.9",408
"Ensemble","2026-05-16",3,"2026-06-06","Overall","quantile","0.95",447
"Ensemble","2026-05-16",3,"2026-06-06","Overall","quantile","0.975",482
"Ensemble","2026-05-16",3,"2026-06-06","Overall","quantile","0.99",529
"Ensemble","2026-05-16",3,"2026-06-06","Pediatrics","quantile","0.01",48
"Ensemble","2026-05-16",3,"2026-06-06","Pediatrics","quantile","0.025",58
"Ensemble","2026-05-16",3,"2026-06-06","Pediatrics","quantile","0.05",69
"Ensemble","2026-05-16",3,"2026-06-06","Pediatrics","quantile","0.1",83
"Ensemble","2026-05-16",3,"2026-06-06","Pediatrics","quantile","0.15",91
"Ensemble","2026-05-16",3,"2026-06-06","Pediatrics","quantile","0.2",100
"Ensemble","2026-05-16",3,"2026-06-06","Pediatrics","quantile","0.25",104
"Ensemble","2026-05-16",3,"2026-06-06","Pediatrics","quantile","0.3",110
"Ensemble","2026-05-16",3,"2026-06-06","Pediatrics","quantile","0.35",114
"Ensemble","2026-05-16",3,"2026-06-06","Pediatrics","quantile","0.4",119
"Ensemble","2026-05-16",3,"2026-06-06","Pediatrics","quantile","0.45",122
"Ensemble","2026-05-16",3,"2026-06-06","Pediatrics","quantile","0.5",127
"Ensemble","2026-05-16",3,"2026-06-06","Pediatrics","quantile","0.55",133
"Ensemble","2026-05-16",3,"2026-06-06","Pediatrics","quantile","0.6",140
"Ensemble","2026-05-16",3,"2026-06-06","Pediatrics","quantile","0.65",147
"Ensemble","2026-05-16",3,"2026-06-06","Pediatrics","quantile","0.7",155
"Ensemble","2026-05-16",3,"2026-06-06","Pediatrics","quantile","0.75",164
"Ensemble","2026-05-16",3,"2026-06-06","Pediatrics","quantile","0.8",175
"Ensemble","2026-05-16",3,"2026-06-06","Pediatrics","quantile","0.85",188
"Ensemble","2026-05-16",3,"2026-06-06","Pediatrics","quantile","0.9",205
"Ensemble","2026-05-16",3,"2026-06-06","Pediatrics","quantile","0.95",230
"Ensemble","2026-05-16",3,"2026-06-06","Pediatrics","quantile","0.975",252
"Ensemble","2026-05-16",3,"2026-06-06","Pediatrics","quantile","0.99",281
